B40電流,ビーム電流,GL電流,コメント,時刻,mainGas設定値(cc/min),mainGasモニター(cc/min),supportGas設定,supportGasモニター,Iecrモニター(mA),Vecr設定値(KV),V_ecrモニター(KV),I_biasモニター(mA),V_bias設定値(V),V_biasモニター(V),ｺｲﾙ1電流設定値(A),ｺｲﾙ2電流設定値(A),ｺｲﾙ3電流設定値(A),ｺｲﾙ4電流設定値(A),ｺｲﾙ5電流設定値(A),ｺｲﾙ6電流設定値(A),ｺｲﾙ7電流設定値(A),ｺｲﾙ8電流設定値(A),ｺｲﾙ1電流モニター(A),ｺｲﾙ2電流モニター(A),ｺｲﾙ3電流モニター(A),ｺｲﾙ4電流モニター(A),ｺｲﾙ5電流モニター(A),ｺｲﾙ6電流モニター(A),ｺｲﾙ7電流モニター(A),ｺｲﾙ8電流モニター(A),Pf(W),Pｒ(W),6極冷却水流量(l/min),6極冷却水温度(℃),2nd冷却水流量(l/min),2nd冷却水温度(℃),真空度1,真空度2,真空度3,gas_old設定,gas_oldモニター
,,,600W 37deg  nv 5 supportO2 0.03 sccm  Bias 950V,2020/09/29 20:20:53,0.000000,2E-05,0.000000,0.000000,0.493000,0.000000,0.759000,0.040000,0.000000,-0.350000,450.000000,0.000000,0.000000,0.000000,0.000000,0.000000,0.000000,0.000000,450.000000,0.000000,0.000000,0.000000,0.000000,0.000000,0.000000,0.000000,214.924275,225.957775,0.022950,22.250250,0.029400,22.666050,3.800500,3.880000,0.000000,-0.098240,0.000440
,,,,,,,,,,,,,,,,,,,,,,,,,,,,,,,,,,,,,,,,,
0.000000,-3.067426E-09,0.000000,,,,,,,,,,,,,,,,,,,,,,,,,,,,,,,,,,,,,,,
0.000000,-5.715701E-09,0.000000,,,,,,,,,,,,,,,,,,,,,,,,,,,,,,,,,,,,,,,
0.000000,-4.40109E-09,0.000000,,,,,,,,,,,,,,,,,,,,,,,,,,,,,,,,,,,,,,,
0.000000,-3.75331E-09,0.000000,,,,,,,,,,,,,,,,,,,,,,,,,,,,,,,,,,,,,,,
0.000000,-4.020043E-09,0.000000,,,,,,,,,,,,,,,,,,,,,,,,,,,,,,,,,,,,,,,
0.000000,-4.705927E-09,0.000000,,,,,,,,,,,,,,,,,,,,,,,,,,,,,,,,,,,,,,,
0.000000,-3.086479E-09,0.000000,,,,,,,,,,,,,,,,,,,,,,,,,,,,,,,,,,,,,,,
0.005000,-2.705432E-09,0.000000,,,,,,,,,,,,,,,,,,,,,,,,,,,,,,,,,,,,,,,
0.476000,-4.820241E-09,0.000000,,,,,,,,,,,,,,,,,,,,,,,,,,,,,,,,,,,,,,,
0.864000,-3.200793E-09,0.000000,,,,,,,,,,,,,,,,,,,,,,,,,,,,,,,,,,,,,,,
1.130000,-3.619944E-09,0.000000,,,,,,,,,,,,,,,,,,,,,,,,,,,,,,,,,,,,,,,
1.474000,-2.495856E-09,0.000000,,,,,,,,,,,,,,,,,,,,,,,,,,,,,,,,,,,,,,,
1.641000,-4.191514E-09,0.538000,,,,,,,,,,,,,,,,,,,,,,,,,,,,,,,,,,,,,,,
1.876000,-3.696153E-09,5.923000,,,,,,,,,,,,,,,,,,,,,,,,,,,,,,,,,,,,,,,
2.074000,-3.238897E-09,11.923000,,,,,,,,,,,,,,,,,,,,,,,,,,,,,,,,,,,,,,,
2.066000,-3.010269E-09,19.615000,,,,,,,,,,,,,,,,,,,,,,,,,,,,,,,,,,,,,,,
2.066000,-2.229123E-09,25.000000,,,,,,,,,,,,,,,,,,,,,,,,,,,,,,,,,,,,,,,
2.069000,-3.238897E-09,30.230000,,,,,,,,,,,,,,,,,,,,,,,,,,,,,,,,,,,,,,,
2.071000,-3.524682E-09,37.076000,,,,,,,,,,,,,,,,,,,,,,,,,,,,,,,,,,,,,,,
2.087000,-3.486578E-09,47.538000,,,,,,,,,,,,,,,,,,,,,,,,,,,,,,,,,,,,,,,
2.087000,-4.210566E-09,47.769000,,,,,,,,,,,,,,,,,,,,,,,,,,,,,,,,,,,,,,,
2.100000,-6.020538E-09,47.692000,,,,,,,,,,,,,,,,,,,,,,,,,,,,,,,,,,,,,,,
2.100000,-4.020043E-09,47.692000,,,,,,,,,,,,,,,,,,,,,,,,,,,,,,,,,,,,,,,
2.110000,-4.40109E-09,48.000000,,,,,,,,,,,,,,,,,,,,,,,,,,,,,,,,,,,,,,,
2.110000,-3.219845E-09,48.076000,,,,,,,,,,,,,,,,,,,,,,,,,,,,,,,,,,,,,,,
2.123000,-4.763084E-09,48.384000,,,,,,,,,,,,,,,,,,,,,,,,,,,,,,,,,,,,,,,
2.123000,-4.210566E-09,48.384000,,,,,,,,,,,,,,,,,,,,,,,,,,,,,,,,,,,,,,,
2.135000,-6.458742E-09,48.615000,,,,,,,,,,,,,,,,,,,,,,,,,,,,,,,,,,,,,,,
2.143000,-5.372759E-09,48.846000,,,,,,,,,,,,,,,,,,,,,,,,,,,,,,,,,,,,,,,
2.143000,-5.106026E-09,48.923000,,,,,,,,,,,,,,,,,,,,,,,,,,,,,,,,,,,,,,,
2.156000,-5.372759E-09,48.923000,,,,,,,,,,,,,,,,,,,,,,,,,,,,,,,,,,,,,,,
2.156000,-7.316097E-09,49.153000,,,,,,,,,,,,,,,,,,,,,,,,,,,,,,,,,,,,,,,
2.164000,-4.172462E-09,49.384000,,,,,,,,,,,,,,,,,,,,,,,,,,,,,,,,,,,,,,,
2.176000,-5.334654E-09,49.615000,,,,,,,,,,,,,,,,,,,,,,,,,,,,,,,,,,,,,,,
2.179000,-5.334654E-09,49.615000,,,,,,,,,,,,,,,,,,,,,,,,,,,,,,,,,,,,,,,
2.179000,-6.420637E-09,49.769000,,,,,,,,,,,,,,,,,,,,,,,,,,,,,,,,,,,,,,,
2.192000,-5.753806E-09,50.153000,,,,,,,,,,,,,,,,,,,,,,,,,,,,,,,,,,,,,,,
2.197000,-5.54423E-09,50.307000,,,,,,,,,,,,,,,,,,,,,,,,,,,,,,,,,,,,,,,
2.205000,-6.515899E-09,50.307000,,,,,,,,,,,,,,,,,,,,,,,,,,,,,,,,,,,,,,,
2.205000,-5.601387E-09,50.538000,,,,,,,,,,,,,,,,,,,,,,,,,,,,,,,,,,,,,,,
2.217000,-6.1158E-09,50.692000,,,,,,,,,,,,,,,,,,,,,,,,,,,,,,,,,,,,,,,
2.220000,-7.049365E-09,50.692000,,,,,,,,,,,,,,,,,,,,,,,,,,,,,,,,,,,,,,,
2.228000,-5.944329E-09,51.000000,,,,,,,,,,,,,,,,,,,,,,,,,,,,,,,,,,,,,,,
2.235000,-7.144626E-09,51.230000,,,,,,,,,,,,,,,,,,,,,,,,,,,,,,,,,,,,,,,
2.241000,-6.43969E-09,51.307000,,,,,,,,,,,,,,,,,,,,,,,,,,,,,,,,,,,,,,,
2.246000,-8.287766E-09,51.538000,,,,,,,,,,,,,,,,,,,,,,,,,,,,,,,,,,,,,,,
2.251000,-6.649266E-09,51.692000,,,,,,,,,,,,,,,,,,,,,,,,,,,,,,,,,,,,,,,
2.256000,-7.201783E-09,51.769000,,,,,,,,,,,,,,,,,,,,,,,,,,,,,,,,,,,,,,,
2.264000,-8.021034E-09,52.000000,,,,,,,,,,,,,,,,,,,,,,,,,,,,,,,,,,,,,,,
2.271000,-7.468516E-09,52.153000,,,,,,,,,,,,,,,,,,,,,,,,,,,,,,,,,,,,,,,
2.276000,-7.354202E-09,52.153000,,,,,,,,,,,,,,,,,,,,,,,,,,,,,,,,,,,,,,,
2.276000,-7.068417E-09,52.461000,,,,,,,,,,,,,,,,,,,,,,,,,,,,,,,,,,,,,,,
2.287000,-6.43969E-09,52.615000,,,,,,,,,,,,,,,,,,,,,,,,,,,,,,,,,,,,,,,
2.292000,-7.639987E-09,52.769000,,,,,,,,,,,,,,,,,,,,,,,,,,,,,,,,,,,,,,,
2.300000,-6.077695E-09,52.846000,,,,,,,,,,,,,,,,,,,,,,,,,,,,,,,,,,,,,,,
2.307000,-9.316593E-09,53.076000,,,,,,,,,,,,,,,,,,,,,,,,,,,,,,,,,,,,,,,
2.307000,-1.055499E-08,53.153000,,,,,,,,,,,,,,,,,,,,,,,,,,,,,,,,,,,,,,,
2.315000,-9.640482E-09,53.307000,,,,,,,,,,,,,,,,,,,,,,,,,,,,,,,,,,,,,,,
2.323000,-1.026921E-08,53.615000,,,,,,,,,,,,,,,,,,,,,,,,,,,,,,,,,,,,,,,
2.330000,-1.131709E-08,53.615000,,,,,,,,,,,,,,,,,,,,,,,,,,,,,,,,,,,,,,,
2.335000,-1.204108E-08,53.692000,,,,,,,,,,,,,,,,,,,,,,,,,,,,,,,,,,,,,,,
2.343000,-1.105036E-08,53.923000,,,,,,,,,,,,,,,,,,,,,,,,,,,,,,,,,,,,,,,
2.346000,-9.583325E-09,54.153000,,,,,,,,,,,,,,,,,,,,,,,,,,,,,,,,,,,,,,,
2.348000,-1.007869E-08,54.230000,,,,,,,,,,,,,,,,,,,,,,,,,,,,,,,,,,,,,,,
2.358000,-9.164174E-09,54.384000,,,,,,,,,,,,,,,,,,,,,,,,,,,,,,,,,,,,,,,
2.364000,-7.125574E-09,54.538000,,,,,,,,,,,,,,,,,,,,,,,,,,,,,,,,,,,,,,,
2.371000,-9.507116E-09,54.615000,,,,,,,,,,,,,,,,,,,,,,,,,,,,,,,,,,,,,,,
2.376000,-7.792406E-09,54.769000,,,,,,,,,,,,,,,,,,,,,,,,,,,,,,,,,,,,,,,
2.384000,-9.507116E-09,55.076000,,,,,,,,,,,,,,,,,,,,,,,,,,,,,,,,,,,,,,,
2.387000,-1.308896E-08,55.230000,,,,,,,,,,,,,,,,,,,,,,,,,,,,,,,,,,,,,,,
2.394000,-1.889992E-08,55.384000,,,,,,,,,,,,,,,,,,,,,,,,,,,,,,,,,,,,,,,
2.400000,-2.046221E-08,55.461000,,,,,,,,,,,,,,,,,,,,,,,,,,,,,,,,,,,,,,,
2.410000,-3.22175E-08,55.615000,,,,,,,,,,,,,,,,,,,,,,,,,,,,,,,,,,,,,,,
2.412000,-3.454189E-08,55.769000,,,,,,,,,,,,,,,,,,,,,,,,,,,,,,,,,,,,,,,
2.420000,-5.031722E-08,55.923000,,,,,,,,,,,,,,,,,,,,,,,,,,,,,,,,,,,,,,,
2.425000,-6.462553E-08,56.230000,,,,,,,,,,,,,,,,,,,,,,,,,,,,,,,,,,,,,,,
2.430000,-7.918151E-08,56.230000,,,,,,,,,,,,,,,,,,,,,,,,,,,,,,,,,,,,,,,
2.438000,-9.404233E-08,56.384000,,,,,,,,,,,,,,,,,,,,,,,,,,,,,,,,,,,,,,,
2.443000,-9.669061E-08,56.461000,,,,,,,,,,,,,,,,,,,,,,,,,,,,,,,,,,,,,,,
2.453000,-1.046164E-07,56.769000,,,,,,,,,,,,,,,,,,,,,,,,,,,,,,,,,,,,,,,
2.453000,-1.096081E-07,56.846000,,,,,,,,,,,,,,,,,,,,,,,,,,,,,,,,,,,,,,,
2.461000,-1.129041E-07,57.000000,,,,,,,,,,,,,,,,,,,,,,,,,,,,,,,,,,,,,,,
2.469000,-1.235544E-07,57.307000,,,,,,,,,,,,,,,,,,,,,,,,,,,,,,,,,,,,,,,
2.476000,-1.204679E-07,57.384000,,,,,,,,,,,,,,,,,,,,,,,,,,,,,,,,,,,,,,,
2.479000,-1.128089E-07,57.307000,,,,,,,,,,,,,,,,,,,,,,,,,,,,,,,,,,,,,,,
2.487000,-9.072723E-08,57.615000,,,,,,,,,,,,,,,,,,,,,,,,,,,,,,,,,,,,,,,
2.489000,-6.03578E-08,57.923000,,,,,,,,,,,,,,,,,,,,,,,,,,,,,,,,,,,,,,,
2.497000,-5.694743E-08,58.000000,,,,,,,,,,,,,,,,,,,,,,,,,,,,,,,,,,,,,,,
2.505000,-5.810963E-08,58.153000,,,,,,,,,,,,,,,,,,,,,,,,,,,,,,,,,,,,,,,
2.510000,-6.561625E-08,58.230000,,,,,,,,,,,,,,,,,,,,,,,,,,,,,,,,,,,,,,,
2.515000,-6.453026E-08,58.230000,,,,,,,,,,,,,,,,,,,,,,,,,,,,,,,,,,,,,,,
2.523000,-6.047212E-08,58.615000,,,,,,,,,,,,,,,,,,,,,,,,,,,,,,,,,,,,,,,
2.530000,-5.582335E-08,58.692000,,,,,,,,,,,,,,,,,,,,,,,,,,,,,,,,,,,,,,,
2.533000,-5.414674E-08,58.846000,,,,,,,,,,,,,,,,,,,,,,,,,,,,,,,,,,,,,,,
2.541000,-5.267971E-08,59.000000,,,,,,,,,,,,,,,,,,,,,,,,,,,,,,,,,,,,,,,
2.546000,-5.38038E-08,59.230000,,,,,,,,,,,,,,,,,,,,,,,,,,,,,,,,,,,,,,,
2.556000,-5.010765E-08,59.307000,,,,,,,,,,,,,,,,,,,,,,,,,,,,,,,,,,,,,,,
2.556000,-4.681159E-08,59.538000,,,,,,,,,,,,,,,,,,,,,,,,,,,,,,,,,,,,,,,
2.564000,-1.527997E-08,59.615000,,,,,,,,,,,,,,,,,,,,,,,,,,,,,,,,,,,,,,,
2.571000,3.18174E-08,59.923000,,,,,,,,,,,,,,,,,,,,,,,,,,,,,,,,,,,,,,,
2.576000,1.154381E-07,60.000000,,,,,,,,,,,,,,,,,,,,,,,,,,,,,,,,,,,,,,,
2.582000,5.516985E-07,60.000000,,,,,,,,,,,,,,,,,,,,,,,,,,,,,,,,,,,,,,,
2.589000,1.801818E-06,60.230000,,,,,,,,,,,,,,,,,,,,,,,,,,,,,,,,,,,,,,,
2.594000,3.410883E-06,60.461000,,,,,,,,,,,,,,,,,,,,,,,,,,,,,,,,,,,,,,,
2.600000,5.12908E-06,60.538000,,,,,,,,,,,,,,,,,,,,,,,,,,,,,,,,,,,,,,,
2.610000,5.849791E-06,60.692000,,,,,,,,,,,,,,,,,,,,,,,,,,,,,,,,,,,,,,,
2.610000,5.507973E-06,60.923000,,,,,,,,,,,,,,,,,,,,,,,,,,,,,,,,,,,,,,,
2.620000,3.158725E-06,61.000000,,,,,,,,,,,,,,,,,,,,,,,,,,,,,,,,,,,,,,,
2.625000,1.842761E-06,61.230000,,,,,,,,,,,,,,,,,,,,,,,,,,,,,,,,,,,,,,,
2.630000,1.237525E-06,61.307000,,,,,,,,,,,,,,,,,,,,,,,,,,,,,,,,,,,,,,,
2.635000,2.884143E-07,61.461000,,,,,,,,,,,,,,,,,,,,,,,,,,,,,,,,,,,,,,,
2.643000,1.083125E-07,61.692000,,,,,,,,,,,,,,,,,,,,,,,,,,,,,,,,,,,,,,,
2.646000,4.23724E-08,61.846000,,,,,,,,,,,,,,,,,,,,,,,,,,,,,,,,,,,,,,,
2.653000,-3.067426E-09,61.923000,,,,,,,,,,,,,,,,,,,,,,,,,,,,,,,,,,,,,,,
2.661000,-2.501572E-08,62.076000,,,,,,,,,,,,,,,,,,,,,,,,,,,,,,,,,,,,,,,
2.664000,-2.859756E-08,62.230000,,,,,,,,,,,,,,,,,,,,,,,,,,,,,,,,,,,,,,,
2.674000,-4.347743E-08,62.307000,,,,,,,,,,,,,,,,,,,,,,,,,,,,,,,,,,,,,,,
2.679000,-4.742127E-08,62.615000,,,,,,,,,,,,,,,,,,,,,,,,,,,,,,,,,,,,,,,
2.684000,-4.93646E-08,62.692000,,,,,,,,,,,,,,,,,,,,,,,,,,,,,,,,,,,,,,,
2.692000,-5.058395E-08,63.000000,,,,,,,,,,,,,,,,,,,,,,,,,,,,,,,,,,,,,,,
2.697000,-4.517309E-08,63.000000,,,,,,,,,,,,,,,,,,,,,,,,,,,,,,,,,,,,,,,
2.702000,-4.282965E-08,63.230000,,,,,,,,,,,,,,,,,,,,,,,,,,,,,,,,,,,,,,,
2.710000,-3.296054E-08,63.307000,,,,,,,,,,,,,,,,,,,,,,,,,,,,,,,,,,,,,,,
2.712000,-2.577781E-08,63.538000,,,,,,,,,,,,,,,,,,,,,,,,,,,,,,,,,,,,,,,
2.715000,-2.713053E-08,63.615000,,,,,,,,,,,,,,,,,,,,,,,,,,,,,,,,,,,,,,,
2.725000,-2.728295E-08,63.769000,,,,,,,,,,,,,,,,,,,,,,,,,,,,,,,,,,,,,,,
2.730000,-2.600644E-08,63.923000,,,,,,,,,,,,,,,,,,,,,,,,,,,,,,,,,,,,,,,
2.738000,-2.823556E-08,63.923000,,,,,,,,,,,,,,,,,,,,,,,,,,,,,,,,,,,,,,,
2.743000,-2.983596E-08,64.153000,,,,,,,,,,,,,,,,,,,,,,,,,,,,,,,,,,,,,,,
2.751000,-3.358927E-08,64.307000,,,,,,,,,,,,,,,,,,,,,,,,,,,,,,,,,,,,,,,
2.753000,-3.600892E-08,64.615000,,,,,,,,,,,,,,,,,,,,,,,,,,,,,,,,,,,,,,,
2.764000,-3.781889E-08,64.769000,,,,,,,,,,,,,,,,,,,,,,,,,,,,,,,,,,,,,,,
2.769000,-3.633281E-08,64.923000,,,,,,,,,,,,,,,,,,,,,,,,,,,,,,,,,,,,,,,
2.774000,-3.566597E-08,65.000000,,,,,,,,,,,,,,,,,,,,,,,,,,,,,,,,,,,,,,,
2.782000,-3.7133E-08,65.153000,,,,,,,,,,,,,,,,,,,,,,,,,,,,,,,,,,,,,,,
2.787000,-3.328443E-08,65.384000,,,,,,,,,,,,,,,,,,,,,,,,,,,,,,,,,,,,,,,
2.792000,-3.002648E-08,65.461000,,,,,,,,,,,,,,,,,,,,,,,,,,,,,,,,,,,,,,,
2.797000,-2.970259E-08,65.692000,,,,,,,,,,,,,,,,,,,,,,,,,,,,,,,,,,,,,,,
2.807000,-1.973822E-08,65.846000,,,,,,,,,,,,,,,,,,,,,,,,,,,,,,,,,,,,,,,
2.807000,-1.996685E-08,65.923000,,,,,,,,,,,,,,,,,,,,,,,,,,,,,,,,,,,,,,,
2.817000,-1.608017E-08,66.076000,,,,,,,,,,,,,,,,,,,,,,,,,,,,,,,,,,,,,,,
2.820000,-1.735668E-08,66.230000,,,,,,,,,,,,,,,,,,,,,,,,,,,,,,,,,,,,,,,
2.828000,-1.428925E-08,66.384000,,,,,,,,,,,,,,,,,,,,,,,,,,,,,,,,,,,,,,,
2.833000,-1.002153E-08,66.538000,,,,,,,,,,,,,,,,,,,,,,,,,,,,,,,,,,,,,,,
2.841000,-1.268886E-08,66.692000,,,,,,,,,,,,,,,,,,,,,,,,,,,,,,,,,,,,,,,
2.846000,-1.406062E-08,66.769000,,,,,,,,,,,,,,,,,,,,,,,,,,,,,,,,,,,,,,,
2.851000,-1.084078E-08,66.923000,,,,,,,,,,,,,,,,,,,,,,,,,,,,,,,,,,,,,,,
2.858000,-1.01549E-08,67.153000,,,,,,,,,,,,,,,,,,,,,,,,,,,,,,,,,,,,,,,
2.861000,-9.183226E-09,67.307000,,,,,,,,,,,,,,,,,,,,,,,,,,,,,,,,,,,,,,,
2.871000,-9.488064E-09,67.461000,,,,,,,,,,,,,,,,,,,,,,,,,,,,,,,,,,,,,,,
2.876000,-9.469011E-09,67.615000,,,,,,,,,,,,,,,,,,,,,,,,,,,,,,,,,,,,,,,
2.887000,-1.093604E-08,67.692000,,,,,,,,,,,,,,,,,,,,,,,,,,,,,,,,,,,,,,,
2.887000,-7.373254E-09,67.923000,,,,,,,,,,,,,,,,,,,,,,,,,,,,,,,,,,,,,,,
2.897000,-9.011755E-09,68.076000,,,,,,,,,,,,,,,,,,,,,,,,,,,,,,,,,,,,,,,
2.900000,-8.287766E-09,68.384000,,,,,,,,,,,,,,,,,,,,,,,,,,,,,,,,,,,,,,,
2.907000,-8.459238E-09,68.384000,,,,,,,,,,,,,,,,,,,,,,,,,,,,,,,,,,,,,,,
2.912000,-7.792406E-09,68.538000,,,,,,,,,,,,,,,,,,,,,,,,,,,,,,,,,,,,,,,
2.920000,-8.459238E-09,68.692000,,,,,,,,,,,,,,,,,,,,,,,,,,,,,,,,,,,,,,,
2.925000,-7.773353E-09,68.846000,,,,,,,,,,,,,,,,,,,,,,,,,,,,,,,,,,,,,,,
2.933000,-1.000248E-08,69.076000,,,,,,,,,,,,,,,,,,,,,,,,,,,,,,,,,,,,,,,
2.938000,-1.082173E-08,69.230000,,,,,,,,,,,,,,,,,,,,,,,,,,,,,,,,,,,,,,,
2.941000,-8.72597E-09,69.307000,,,,,,,,,,,,,,,,,,,,,,,,,,,,,,,,,,,,,,,
2.951000,-1.082173E-08,69.538000,,,,,,,,,,,,,,,,,,,,,,,,,,,,,,,,,,,,,,,
2.953000,-9.04986E-09,69.692000,,,,,,,,,,,,,,,,,,,,,,,,,,,,,,,,,,,,,,,
2.964000,-8.135348E-09,69.769000,,,,,,,,,,,,,,,,,,,,,,,,,,,,,,,,,,,,,,,
2.966000,-9.94532E-09,70.000000,,,,,,,,,,,,,,,,,,,,,,,,,,,,,,,,,,,,,,,
2.974000,-7.525673E-09,70.076000,,,,,,,,,,,,,,,,,,,,,,,,,,,,,,,,,,,,,,,
2.979000,-7.754301E-09,70.307000,,,,,,,,,,,,,,,,,,,,,,,,,,,,,,,,,,,,,,,
2.984000,-7.354202E-09,70.461000,,,,,,,,,,,,,,,,,,,,,,,,,,,,,,,,,,,,,,,
2.989000,-8.840284E-09,70.615000,,,,,,,,,,,,,,,,,,,,,,,,,,,,,,,,,,,,,,,
2.994000,-8.344924E-09,70.692000,,,,,,,,,,,,,,,,,,,,,,,,,,,,,,,,,,,,,,,
3.005000,-7.716196E-09,70.846000,,,,,,,,,,,,,,,,,,,,,,,,,,,,,,,,,,,,,,,
3.007000,-7.773353E-09,71.000000,,,,,,,,,,,,,,,,,,,,,,,,,,,,,,,,,,,,,,,
3.010000,-7.659039E-09,71.076000,,,,,,,,,,,,,,,,,,,,,,,,,,,,,,,,,,,,,,,
3.020000,-8.783127E-09,71.384000,,,,,,,,,,,,,,,,,,,,,,,,,,,,,,,,,,,,,,,
3.028000,-7.754301E-09,71.461000,,,,,,,,,,,,,,,,,,,,,,,,,,,,,,,,,,,,,,,
3.033000,-6.877894E-09,71.461000,,,,,,,,,,,,,,,,,,,,,,,,,,,,,,,,,,,,,,,
3.041000,-7.506621E-09,71.692000,,,,,,,,,,,,,,,,,,,,,,,,,,,,,,,,,,,,,,,
3.046000,-6.515899E-09,72.000000,,,,,,,,,,,,,,,,,,,,,,,,,,,,,,,,,,,,,,,
3.048000,-8.47829E-09,72.153000,,,,,,,,,,,,,,,,,,,,,,,,,,,,,,,,,,,,,,,
3.058000,-8.230609E-09,72.307000,,,,,,,,,,,,,,,,,,,,,,,,,,,,,,,,,,,,,,,
3.061000,-7.182731E-09,72.461000,,,,,,,,,,,,,,,,,,,,,,,,,,,,,,,,,,,,,,,
3.069000,-4.000991E-09,72.461000,,,,,,,,,,,,,,,,,,,,,,,,,,,,,,,,,,,,,,,
3.074000,-7.449464E-09,72.692000,,,,,,,,,,,,,,,,,,,,,,,,,,,,,,,,,,,,,,,
3.082000,-7.544725E-09,72.846000,,,,,,,,,,,,,,,,,,,,,,,,,,,,,,,,,,,,,,,
3.084000,-7.373254E-09,73.000000,,,,,,,,,,,,,,,,,,,,,,,,,,,,,,,,,,,,,,,
3.094000,-6.249166E-09,73.153000,,,,,,,,,,,,,,,,,,,,,,,,,,,,,,,,,,,,,,,
3.097000,-8.573552E-09,73.307000,,,,,,,,,,,,,,,,,,,,,,,,,,,,,,,,,,,,,,,
3.107000,-4.591613E-09,73.384000,,,,,,,,,,,,,,,,,,,,,,,,,,,,,,,,,,,,,,,
3.112000,-6.858841E-09,73.692000,,,,,,,,,,,,,,,,,,,,,,,,,,,,,,,,,,,,,,,
3.117000,-7.449464E-09,73.769000,,,,,,,,,,,,,,,,,,,,,,,,,,,,,,,,,,,,,,,
3.120000,-7.297045E-09,73.923000,,,,,,,,,,,,,,,,,,,,,,,,,,,,,,,,,,,,,,,
3.128000,-7.620935E-09,74.076000,,,,,,,,,,,,,,,,,,,,,,,,,,,,,,,,,,,,,,,
3.135000,-6.630213E-09,74.307000,,,,,,,,,,,,,,,,,,,,,,,,,,,,,,,,,,,,,,,
3.141000,-5.468021E-09,74.307000,,,,,,,,,,,,,,,,,,,,,,,,,,,,,,,,,,,,,,,
3.151000,-7.411359E-09,74.538000,,,,,,,,,,,,,,,,,,,,,,,,,,,,,,,,,,,,,,,
3.151000,-7.392307E-09,74.692000,,,,,,,,,,,,,,,,,,,,,,,,,,,,,,,,,,,,,,,
3.158000,-7.601882E-09,74.846000,,,,,,,,,,,,,,,,,,,,,,,,,,,,,,,,,,,,,,,
3.164000,-7.201783E-09,75.076000,,,,,,,,,,,,,,,,,,,,,,,,,,,,,,,,,,,,,,,
3.174000,-6.973155E-09,75.153000,,,,,,,,,,,,,,,,,,,,,,,,,,,,,,,,,,,,,,,
3.176000,-8.47829E-09,75.230000,,,,,,,,,,,,,,,,,,,,,,,,,,,,,,,,,,,,,,,
3.187000,-5.982434E-09,75.461000,,,,,,,,,,,,,,,,,,,,,,,,,,,,,,,,,,,,,,,
3.187000,-8.992703E-09,75.692000,,,,,,,,,,,,,,,,,,,,,,,,,,,,,,,,,,,,,,,
3.192000,-7.678092E-09,75.769000,,,,,,,,,,,,,,,,,,,,,,,,,,,,,,,,,,,,,,,
3.200000,-8.192505E-09,76.000000,,,,,,,,,,,,,,,,,,,,,,,,,,,,,,,,,,,,,,,
3.210000,-7.392307E-09,76.076000,,,,,,,,,,,,,,,,,,,,,,,,,,,,,,,,,,,,,,,
3.215000,-6.858841E-09,76.153000,,,,,,,,,,,,,,,,,,,,,,,,,,,,,,,,,,,,,,,
3.220000,-8.668813E-09,76.307000,,,,,,,,,,,,,,,,,,,,,,,,,,,,,,,,,,,,,,,
3.225000,-7.354202E-09,76.615000,,,,,,,,,,,,,,,,,,,,,,,,,,,,,,,,,,,,,,,
3.228000,-6.401585E-09,76.769000,,,,,,,,,,,,,,,,,,,,,,,,,,,,,,,,,,,,,,,
3.241000,-6.534952E-09,76.846000,,,,,,,,,,,,,,,,,,,,,,,,,,,,,,,,,,,,,,,
3.243000,-7.716196E-09,77.076000,,,,,,,,,,,,,,,,,,,,,,,,,,,,,,,,,,,,,,,
3.251000,-6.706423E-09,77.153000,,,,,,,,,,,,,,,,,,,,,,,,,,,,,,,,,,,,,,,
3.256000,-6.515899E-09,77.307000,,,,,,,,,,,,,,,,,,,,,,,,,,,,,,,,,,,,,,,
3.264000,-9.964372E-09,77.538000,,,,,,,,,,,,,,,,,,,,,,,,,,,,,,,,,,,,,,,
3.266000,-8.344924E-09,77.615000,,,,,,,,,,,,,,,,,,,,,,,,,,,,,,,,,,,,,,,
3.274000,-7.25894E-09,77.846000,,,,,,,,,,,,,,,,,,,,,,,,,,,,,,,,,,,,,,,
3.282000,-8.287766E-09,78.076000,,,,,,,,,,,,,,,,,,,,,,,,,,,,,,,,,,,,,,,
3.282000,-1.036447E-08,78.076000,,,,,,,,,,,,,,,,,,,,,,,,,,,,,,,,,,,,,,,
3.294000,-9.011755E-09,78.307000,,,,,,,,,,,,,,,,,,,,,,,,,,,,,,,,,,,,,,,
3.300000,-1.137425E-08,78.461000,,,,,,,,,,,,,,,,,,,,,,,,,,,,,,,,,,,,,,,
3.305000,-8.611656E-09,78.538000,,,,,,,,,,,,,,,,,,,,,,,,,,,,,,,,,,,,,,,
3.312000,-6.36348E-09,78.769000,,,,,,,,,,,,,,,,,,,,,,,,,,,,,,,,,,,,,,,
3.317000,-9.907215E-09,78.923000,,,,,,,,,,,,,,,,,,,,,,,,,,,,,,,,,,,,,,,
3.320000,-8.916494E-09,79.076000,,,,,,,,,,,,,,,,,,,,,,,,,,,,,,,,,,,,,,,
3.328000,-9.488064E-09,79.153000,,,,,,,,,,,,,,,,,,,,,,,,,,,,,,,,,,,,,,,
3.333000,-1.049784E-08,79.384000,,,,,,,,,,,,,,,,,,,,,,,,,,,,,,,,,,,,,,,
3.338000,-7.316097E-09,79.461000,,,,,,,,,,,,,,,,,,,,,,,,,,,,,,,,,,,,,,,
3.346000,-7.659039E-09,79.692000,,,,,,,,,,,,,,,,,,,,,,,,,,,,,,,,,,,,,,,
3.351000,-8.440185E-09,79.769000,,,,,,,,,,,,,,,,,,,,,,,,,,,,,,,,,,,,,,,
3.358000,-9.107017E-09,79.923000,,,,,,,,,,,,,,,,,,,,,,,,,,,,,,,,,,,,,,,
3.361000,-7.963877E-09,79.923000,,,,,,,,,,,,,,,,,,,,,,,,,,,,,,,,,,,,,,,
3.371000,-1.171719E-08,80.307000,,,,,,,,,,,,,,,,,,,,,,,,,,,,,,,,,,,,,,,
3.374000,-9.449959E-09,80.307000,,,,,,,,,,,,,,,,,,,,,,,,,,,,,,,,,,,,,,,
3.384000,-8.573552E-09,80.461000,,,,,,,,,,,,,,,,,,,,,,,,,,,,,,,,,,,,,,,
3.387000,-1.137425E-08,80.692000,,,,,,,,,,,,,,,,,,,,,,,,,,,,,,,,,,,,,,,
3.394000,-9.145122E-09,80.846000,,,,,,,,,,,,,,,,,,,,,,,,,,,,,,,,,,,,,,,
3.400000,-1.047879E-08,80.923000,,,,,,,,,,,,,,,,,,,,,,,,,,,,,,,,,,,,,,,
3.407000,-9.602378E-09,81.153000,,,,,,,,,,,,,,,,,,,,,,,,,,,,,,,,,,,,,,,
3.412000,-1.02311E-08,81.307000,,,,,,,,,,,,,,,,,,,,,,,,,,,,,,,,,,,,,,,
3.412000,-1.066931E-08,81.461000,,,,,,,,,,,,,,,,,,,,,,,,,,,,,,,,,,,,,,,
3.423000,-1.156477E-08,81.615000,,,,,,,,,,,,,,,,,,,,,,,,,,,,,,,,,,,,,,,
3.428000,-1.26317E-08,81.769000,,,,,,,,,,,,,,,,,,,,,,,,,,,,,,,,,,,,,,,
3.438000,-1.312706E-08,81.846000,,,,,,,,,,,,,,,,,,,,,,,,,,,,,,,,,,,,,,,
3.443000,-1.535618E-08,82.000000,,,,,,,,,,,,,,,,,,,,,,,,,,,,,,,,,,,,,,,
3.451000,-1.588965E-08,82.230000,,,,,,,,,,,,,,,,,,,,,,,,,,,,,,,,,,,,,,,
3.451000,-1.497514E-08,82.384000,,,,,,,,,,,,,,,,,,,,,,,,,,,,,,,,,,,,,,,
3.461000,-1.678511E-08,82.615000,,,,,,,,,,,,,,,,,,,,,,,,,,,,,,,,,,,,,,,
3.464000,-1.749005E-08,82.769000,,,,,,,,,,,,,,,,,,,,,,,,,,,,,,,,,,,,,,,
3.471000,-2.07861E-08,82.846000,,,,,,,,,,,,,,,,,,,,,,,,,,,,,,,,,,,,,,,
3.479000,-2.135767E-08,83.000000,,,,,,,,,,,,,,,,,,,,,,,,,,,,,,,,,,,,,,,
3.482000,-2.412026E-08,83.153000,,,,,,,,,,,,,,,,,,,,,,,,,,,,,,,,,,,,,,,
3.487000,-2.631128E-08,83.307000,,,,,,,,,,,,,,,,,,,,,,,,,,,,,,,,,,,,,,,
3.494000,-2.686379E-08,83.538000,,,,,,,,,,,,,,,,,,,,,,,,,,,,,,,,,,,,,,,
3.502000,-2.558729E-08,83.615000,,,,,,,,,,,,,,,,,,,,,,,,,,,,,,,,,,,,,,,
3.507000,-2.836893E-08,83.692000,,,,,,,,,,,,,,,,,,,,,,,,,,,,,,,,,,,,,,,
3.515000,-2.777831E-08,83.846000,,,,,,,,,,,,,,,,,,,,,,,,,,,,,,,,,,,,,,,
3.517000,-2.817841E-08,84.076000,,,,,,,,,,,,,,,,,,,,,,,,,,,,,,,,,,,,,,,
3.525000,-2.89405E-08,84.230000,,,,,,,,,,,,,,,,,,,,,,,,,,,,,,,,,,,,,,,
3.530000,-2.81403E-08,84.384000,,,,,,,,,,,,,,,,,,,,,,,,,,,,,,,,,,,,,,,
3.538000,-2.634938E-08,84.461000,,,,,,,,,,,,,,,,,,,,,,,,,,,,,,,,,,,,,,,
3.546000,-2.166251E-08,84.615000,,,,,,,,,,,,,,,,,,,,,,,,,,,,,,,,,,,,,,,
3.548000,-2.293901E-08,84.769000,,,,,,,,,,,,,,,,,,,,,,,,,,,,,,,,,,,,,,,
3.558000,-2.194829E-08,85.000000,,,,,,,,,,,,,,,,,,,,,,,,,,,,,,,,,,,,,,,
3.561000,-2.234839E-08,85.230000,,,,,,,,,,,,,,,,,,,,,,,,,,,,,,,,,,,,,,,
3.569000,-2.431078E-08,85.307000,,,,,,,,,,,,,,,,,,,,,,,,,,,,,,,,,,,,,,,
3.571000,-2.64637E-08,85.461000,,,,,,,,,,,,,,,,,,,,,,,,,,,,,,,,,,,,,,,
3.584000,-2.953112E-08,85.615000,,,,,,,,,,,,,,,,,,,,,,,,,,,,,,,,,,,,,,,
3.587000,-2.383447E-08,85.615000,,,,,,,,,,,,,,,,,,,,,,,,,,,,,,,,,,,,,,,
3.592000,-2.400594E-08,85.923000,,,,,,,,,,,,,,,,,,,,,,,,,,,,,,,,,,,,,,,
3.597000,-2.391068E-08,86.076000,,,,,,,,,,,,,,,,,,,,,,,,,,,,,,,,,,,,,,,
3.607000,-2.434889E-08,86.307000,,,,,,,,,,,,,,,,,,,,,,,,,,,,,,,,,,,,,,,
3.610000,-2.356774E-08,86.384000,,,,,,,,,,,,,,,,,,,,,,,,,,,,,,,,,,,,,,,
3.617000,-2.192924E-08,86.538000,,,,,,,,,,,,,,,,,,,,,,,,,,,,,,,,,,,,,,,
3.623000,-2.124336E-08,86.615000,,,,,,,,,,,,,,,,,,,,,,,,,,,,,,,,,,,,,,,
3.628000,-2.170061E-08,86.846000,,,,,,,,,,,,,,,,,,,,,,,,,,,,,,,,,,,,,,,
3.635000,-2.055747E-08,87.000000,,,,,,,,,,,,,,,,,,,,,,,,,,,,,,,,,,,,,,,
3.641000,-1.905234E-08,87.153000,,,,,,,,,,,,,,,,,,,,,,,,,,,,,,,,,,,,,,,
3.646000,-1.316516E-08,87.307000,,,,,,,,,,,,,,,,,,,,,,,,,,,,,,,,,,,,,,,
3.651000,-3.867624E-09,87.461000,,,,,,,,,,,,,,,,,,,,,,,,,,,,,,,,,,,,,,,
3.661000,1.350811E-08,87.615000,,,,,,,,,,,,,,,,,,,,,,,,,,,,,,,,,,,,,,,
3.664000,1.798541E-08,87.769000,,,,,,,,,,,,,,,,,,,,,,,,,,,,,,,,,,,,,,,
3.671000,3.193172E-08,87.923000,,,,,,,,,,,,,,,,,,,,,,,,,,,,,,,,,,,,,,,
3.676000,6.635929E-08,88.153000,,,,,,,,,,,,,,,,,,,,,,,,,,,,,,,,,,,,,,,
3.682000,1.042734E-07,88.307000,,,,,,,,,,,,,,,,,,,,,,,,,,,,,,,,,,,,,,,
3.689000,1.463791E-07,88.384000,,,,,,,,,,,,,,,,,,,,,,,,,,,,,,,,,,,,,,,
3.692000,2.392592E-07,88.461000,,,,,,,,,,,,,,,,,,,,,,,,,,,,,,,,,,,,,,,
3.705000,6.010822E-07,88.692000,,,,,,,,,,,,,,,,,,,,,,,,,,,,,,,,,,,,,,,
3.705000,6.708709E-07,88.846000,,,,,,,,,,,,,,,,,,,,,,,,,,,,,,,,,,,,,,,
3.715000,7.610265E-07,89.000000,,,,,,,,,,,,,,,,,,,,,,,,,,,,,,,,,,,,,,,
3.717000,7.413074E-07,89.230000,,,,,,,,,,,,,,,,,,,,,,,,,,,,,,,,,,,,,,,
3.725000,5.539086E-07,89.307000,,,,,,,,,,,,,,,,,,,,,,,,,,,,,,,,,,,,,,,
3.733000,4.223522E-07,89.461000,,,,,,,,,,,,,,,,,,,,,,,,,,,,,,,,,,,,,,,
3.738000,1.760245E-07,89.615000,,,,,,,,,,,,,,,,,,,,,,,,,,,,,,,,,,,,,,,
3.743000,3.785699E-08,89.769000,,,,,,,,,,,,,,,,,,,,,,,,,,,,,,,,,,,,,,,
3.746000,1.537524E-08,90.000000,,,,,,,,,,,,,,,,,,,,,,,,,,,,,,,,,,,,,,,
3.756000,-4.4411E-08,90.076000,,,,,,,,,,,,,,,,,,,,,,,,,,,,,,,,,,,,,,,
3.758000,-5.199383E-08,90.307000,,,,,,,,,,,,,,,,,,,,,,,,,,,,,,,,,,,,,,,
3.769000,-5.302265E-08,90.384000,,,,,,,,,,,,,,,,,,,,,,,,,,,,,,,,,,,,,,,
3.774000,-5.294644E-08,90.538000,,,,,,,,,,,,,,,,,,,,,,,,,,,,,,,,,,,,,,,
3.779000,-5.58805E-08,90.692000,,,,,,,,,,,,,,,,,,,,,,,,,,,,,,,,,,,,,,,
3.779000,-5.527083E-08,90.846000,,,,,,,,,,,,,,,,,,,,,,,,,,,,,,,,,,,,,,,
3.789000,-5.709985E-08,91.000000,,,,,,,,,,,,,,,,,,,,,,,,,,,,,,,,,,,,,,,
3.800000,-5.978623E-08,91.153000,,,,,,,,,,,,,,,,,,,,,,,,,,,,,,,,,,,,,,,
3.805000,-5.953855E-08,91.230000,,,,,,,,,,,,,,,,,,,,,,,,,,,,,,,,,,,,,,,
3.807000,-6.005297E-08,91.461000,,,,,,,,,,,,,,,,,,,,,,,,,,,,,,,,,,,,,,,
3.817000,-6.07198E-08,91.692000,,,,,,,,,,,,,,,,,,,,,,,,,,,,,,,,,,,,,,,
3.817000,-6.001486E-08,91.846000,,,,,,,,,,,,,,,,,,,,,,,,,,,,,,,,,,,,,,,
3.825000,-5.711891E-08,91.923000,,,,,,,,,,,,,,,,,,,,,,,,,,,,,,,,,,,,,,,
3.833000,-6.054833E-08,92.153000,,,,,,,,,,,,,,,,,,,,,,,,,,,,,,,,,,,,,,,
3.838000,-5.934803E-08,92.153000,,,,,,,,,,,,,,,,,,,,,,,,,,,,,,,,,,,,,,,
3.846000,-5.890983E-08,92.384000,,,,,,,,,,,,,,,,,,,,,,,,,,,,,,,,,,,,,,,
3.848000,-5.906224E-08,92.538000,,,,,,,,,,,,,,,,,,,,,,,,,,,,,,,,,,,,,,,
3.856000,-5.984339E-08,92.769000,,,,,,,,,,,,,,,,,,,,,,,,,,,,,,,,,,,,,,,
3.864000,-5.971002E-08,92.846000,,,,,,,,,,,,,,,,,,,,,,,,,,,,,,,,,,,,,,,
3.871000,-6.092937E-08,93.000000,,,,,,,,,,,,,,,,,,,,,,,,,,,,,,,,,,,,,,,
3.874000,-5.761427E-08,93.076000,,,,,,,,,,,,,,,,,,,,,,,,,,,,,,,,,,,,,,,
3.884000,-5.100311E-08,93.153000,,,,,,,,,,,,,,,,,,,,,,,,,,,,,,,,,,,,,,,
3.884000,-4.122926E-08,93.461000,,,,,,,,,,,,,,,,,,,,,,,,,,,,,,,,,,,,,,,
3.889000,1.79092E-09,93.615000,,,,,,,,,,,,,,,,,,,,,,,,,,,,,,,,,,,,,,,
3.897000,1.933812E-08,93.769000,,,,,,,,,,,,,,,,,,,,,,,,,,,,,,,,,,,,,,,
3.905000,4.061958E-08,93.923000,,,,,,,,,,,,,,,,,,,,,,,,,,,,,,,,,,,,,,,
3.912000,5.083163E-08,94.000000,,,,,,,,,,,,,,,,,,,,,,,,,,,,,,,,,,,,,,,
3.915000,6.632118E-08,94.076000,,,,,,,,,,,,,,,,,,,,,,,,,,,,,,,,,,,,,,,
3.925000,1.212491E-07,94.384000,,,,,,,,,,,,,,,,,,,,,,,,,,,,,,,,,,,,,,,
3.928000,2.506906E-07,94.615000,,,,,,,,,,,,,,,,,,,,,,,,,,,,,,,,,,,,,,,
3.935000,4.514832E-07,94.692000,,,,,,,,,,,,,,,,,,,,,,,,,,,,,,,,,,,,,,,
3.941000,1.021777E-06,94.846000,,,,,,,,,,,,,,,,,,,,,,,,,,,,,,,,,,,,,,,
3.951000,1.647989E-06,95.000000,,,,,,,,,,,,,,,,,,,,,,,,,,,,,,,,,,,,,,,
3.951000,1.750605E-06,95.000000,,,,,,,,,,,,,,,,,,,,,,,,,,,,,,,,,,,,,,,
3.961000,2.019738E-06,95.307000,,,,,,,,,,,,,,,,,,,,,,,,,,,,,,,,,,,,,,,
3.966000,1.853735E-06,95.615000,,,,,,,,,,,,,,,,,,,,,,,,,,,,,,,,,,,,,,,
3.971000,1.303847E-06,95.615000,,,,,,,,,,,,,,,,,,,,,,,,,,,,,,,,,,,,,,,
3.976000,1.023892E-06,95.846000,,,,,,,,,,,,,,,,,,,,,,,,,,,,,,,,,,,,,,,
3.984000,7.861375E-07,95.923000,,,,,,,,,,,,,,,,,,,,,,,,,,,,,,,,,,,,,,,
3.989000,7.209404E-07,96.000000,,,,,,,,,,,,,,,,,,,,,,,,,,,,,,,,,,,,,,,
3.994000,6.762055E-07,96.230000,,,,,,,,,,,,,,,,,,,,,,,,,,,,,,,,,,,,,,,
4.002000,7.04041E-07,96.461000,,,,,,,,,,,,,,,,,,,,,,,,,,,,,,,,,,,,,,,
4.005000,6.393964E-07,96.538000,,,,,,,,,,,,,,,,,,,,,,,,,,,,,,,,,,,,,,,
4.015000,3.078096E-07,96.692000,,,,,,,,,,,,,,,,,,,,,,,,,,,,,,,,,,,,,,,
4.017000,9.750986E-08,96.923000,,,,,,,,,,,,,,,,,,,,,,,,,,,,,,,,,,,,,,,
4.025000,-6.820737E-08,96.923000,,,,,,,,,,,,,,,,,,,,,,,,,,,,,,,,,,,,,,,
4.033000,-2.001448E-07,97.153000,,,,,,,,,,,,,,,,,,,,,,,,,,,,,,,,,,,,,,,
4.035000,-2.265513E-07,97.307000,,,,,,,,,,,,,,,,,,,,,,,,,,,,,,,,,,,,,,,
4.043000,-2.032694E-07,97.461000,,,,,,,,,,,,,,,,,,,,,,,,,,,,,,,,,,,,,,,
4.048000,-1.697373E-07,97.692000,,,,,,,,,,,,,,,,,,,,,,,,,,,,,,,,,,,,,,,
4.056000,-1.397489E-07,97.769000,,,,,,,,,,,,,,,,,,,,,,,,,,,,,,,,,,,,,,,
4.061000,-1.250214E-07,97.923000,,,,,,,,,,,,,,,,,,,,,,,,,,,,,,,,,,,,,,,
4.069000,-1.407396E-07,98.000000,,,,,,,,,,,,,,,,,,,,,,,,,,,,,,,,,,,,,,,
4.074000,-1.62002E-07,98.307000,,,,,,,,,,,,,,,,,,,,,,,,,,,,,,,,,,,,,,,
4.082000,-1.738526E-07,98.384000,,,,,,,,,,,,,,,,,,,,,,,,,,,,,,,,,,,,,,,
4.084000,-1.853411E-07,98.538000,,,,,,,,,,,,,,,,,,,,,,,,,,,,,,,,,,,,,,,
4.092000,-2.082039E-07,98.692000,,,,,,,,,,,,,,,,,,,,,,,,,,,,,,,,,,,,,,,
4.097000,-2.09309E-07,98.846000,,,,,,,,,,,,,,,,,,,,,,,,,,,,,,,,,,,,,,,
4.105000,-2.337722E-07,99.000000,,,,,,,,,,,,,,,,,,,,,,,,,,,,,,,,,,,,,,,
4.110000,-2.567874E-07,99.153000,,,,,,,,,,,,,,,,,,,,,,,,,,,,,,,,,,,,,,,
4.112000,-2.83575E-07,99.307000,,,,,,,,,,,,,,,,,,,,,,,,,,,,,,,,,,,,,,,
4.123000,-3.394936E-07,99.461000,,,,,,,,,,,,,,,,,,,,,,,,,,,,,,,,,,,,,,,
4.125000,-3.423705E-07,99.615000,,,,,,,,,,,,,,,,,,,,,,,,,,,,,,,,,,,,,,,
4.135000,-2.996361E-07,99.692000,,,,,,,,,,,,,,,,,,,,,,,,,,,,,,,,,,,,,,,
4.138000,-2.840513E-07,99.692000,,,,,,,,,,,,,,,,,,,,,,,,,,,,,,,,,,,,,,,
4.148000,-2.558919E-07,100.076000,,,,,,,,,,,,,,,,,,,,,,,,,,,,,,,,,,,,,,,
4.151000,-2.513956E-07,100.307000,,,,,,,,,,,,,,,,,,,,,,,,,,,,,,,,,,,,,,,
4.158000,-2.362109E-07,100.307000,,,,,,,,,,,,,,,,,,,,,,,,,,,,,,,,,,,,,,,
4.164000,-2.207023E-07,100.615000,,,,,,,,,,,,,,,,,,,,,,,,,,,,,,,,,,,,,,,
4.169000,-2.183017E-07,100.692000,,,,,,,,,,,,,,,,,,,,,,,,,,,,,,,,,,,,,,,
4.176000,-2.145484E-07,100.769000,,,,,,,,,,,,,,,,,,,,,,,,,,,,,,,,,,,,,,,
4.182000,-1.880466E-07,101.000000,,,,,,,,,,,,,,,,,,,,,,,,,,,,,,,,,,,,,,,
4.187000,-1.77282E-07,101.153000,,,,,,,,,,,,,,,,,,,,,,,,,,,,,,,,,,,,,,,
4.192000,-1.355764E-07,101.384000,,,,,,,,,,,,,,,,,,,,,,,,,,,,,,,,,,,,,,,
4.202000,-1.013584E-08,101.538000,,,,,,,,,,,,,,,,,,,,,,,,,,,,,,,,,,,,,,,
4.205000,1.39063E-07,101.615000,,,,,,,,,,,,,,,,,,,,,,,,,,,,,,,,,,,,,,,
4.212000,3.402557E-07,101.615000,,,,,,,,,,,,,,,,,,,,,,,,,,,,,,,,,,,,,,,
4.217000,5.202622E-07,102.000000,,,,,,,,,,,,,,,,,,,,,,,,,,,,,,,,,,,,,,,
4.223000,6.844361E-07,102.076000,,,,,,,,,,,,,,,,,,,,,,,,,,,,,,,,,,,,,,,
4.230000,7.990169E-07,102.230000,,,,,,,,,,,,,,,,,,,,,,,,,,,,,,,,,,,,,,,
4.241000,1.021872E-06,102.384000,,,,,,,,,,,,,,,,,,,,,,,,,,,,,,,,,,,,,,,
4.238000,1.138682E-06,102.538000,,,,,,,,,,,,,,,,,,,,,,,,,,,,,,,,,,,,,,,
4.246000,1.650599E-06,102.615000,,,,,,,,,,,,,,,,,,,,,,,,,,,,,,,,,,,,,,,
4.253000,3.705241E-06,102.846000,,,,,,,,,,,,,,,,,,,,,,,,,,,,,,,,,,,,,,,
4.256000,8.114981E-06,103.000000,,,,,,,,,,,,,,,,,,,,,,,,,,,,,,,,,,,,,,,
4.266000,1.268935E-05,103.076000,,,,,,,,,,,,,,,,,,,,,,,,,,,,,,,,,,,,,,,
4.271000,1.718426E-05,103.307000,,,,,,,,,,,,,,,,,,,,,,,,,,,,,,,,,,,,,,,
4.279000,1.903016E-05,103.461000,,,,,,,,,,,,,,,,,,,,,,,,,,,,,,,,,,,,,,,
4.287000,1.64255E-05,103.538000,,,,,,,,,,,,,,,,,,,,,,,,,,,,,,,,,,,,,,,
4.289000,1.527171E-05,103.769000,,,,,,,,,,,,,,,,,,,,,,,,,,,,,,,,,,,,,,,
4.292000,1.030461E-05,103.923000,,,,,,,,,,,,,,,,,,,,,,,,,,,,,,,,,,,,,,,
4.302000,6.557776E-06,104.153000,,,,,,,,,,,,,,,,,,,,,,,,,,,,,,,,,,,,,,,
4.305000,5.807286E-06,104.230000,,,,,,,,,,,,,,,,,,,,,,,,,,,,,,,,,,,,,,,
4.312000,2.114104E-06,104.307000,,,,,,,,,,,,,,,,,,,,,,,,,,,,,,,,,,,,,,,
4.323000,7.541296E-07,104.538000,,,,,,,,,,,,,,,,,,,,,,,,,,,,,,,,,,,,,,,
4.325000,5.102025E-07,104.692000,,,,,,,,,,,,,,,,,,,,,,,,,,,,,,,,,,,,,,,
4.333000,3.997942E-07,104.769000,,,,,,,,,,,,,,,,,,,,,,,,,,,,,,,,,,,,,,,
4.338000,2.905862E-07,105.000000,,,,,,,,,,,,,,,,,,,,,,,,,,,,,,,,,,,,,,,
4.346000,2.663326E-07,105.153000,,,,,,,,,,,,,,,,,,,,,,,,,,,,,,,,,,,,,,,
4.348000,2.997695E-07,105.307000,,,,,,,,,,,,,,,,,,,,,,,,,,,,,,,,,,,,,,,
4.358000,5.95557E-07,105.461000,,,,,,,,,,,,,,,,,,,,,,,,,,,,,,,,,,,,,,,
4.361000,1.618877E-06,105.692000,,,,,,,,,,,,,,,,,,,,,,,,,,,,,,,,,,,,,,,
4.369000,2.843295E-06,105.769000,,,,,,,,,,,,,,,,,,,,,,,,,,,,,,,,,,,,,,,
4.374000,4.545907E-06,105.923000,,,,,,,,,,,,,,,,,,,,,,,,,,,,,,,,,,,,,,,
4.382000,5.71934E-06,106.076000,,,,,,,,,,,,,,,,,,,,,,,,,,,,,,,,,,,,,,,
4.387000,6.662316E-06,106.230000,,,,,,,,,,,,,,,,,,,,,,,,,,,,,,,,,,,,,,,
4.392000,6.408101E-06,106.461000,,,,,,,,,,,,,,,,,,,,,,,,,,,,,,,,,,,,,,,
4.397000,5.356907E-06,106.538000,,,,,,,,,,,,,,,,,,,,,,,,,,,,,,,,,,,,,,,
4.402000,3.78288E-06,106.692000,,,,,,,,,,,,,,,,,,,,,,,,,,,,,,,,,,,,,,,
4.412000,2.242593E-06,106.846000,,,,,,,,,,,,,,,,,,,,,,,,,,,,,,,,,,,,,,,
4.415000,1.162745E-06,107.000000,,,,,,,,,,,,,,,,,,,,,,,,,,,,,,,,,,,,,,,
4.425000,1.685941E-07,107.076000,,,,,,,,,,,,,,,,,,,,,,,,,,,,,,,,,,,,,,,
4.428000,-1.341475E-07,107.307000,,,,,,,,,,,,,,,,,,,,,,,,,,,,,,,,,,,,,,,
4.435000,-2.344962E-07,107.384000,,,,,,,,,,,,,,,,,,,,,,,,,,,,,,,,,,,,,,,
4.438000,-2.57721E-07,107.615000,,,,,,,,,,,,,,,,,,,,,,,,,,,,,,,,,,,,,,,
4.443000,-2.72658E-07,107.692000,,,,,,,,,,,,,,,,,,,,,,,,,,,,,,,,,,,,,,,
4.443000,-3.041134E-07,107.846000,,,,,,,,,,,,,,,,,,,,,,,,,,,,,,,,,,,,,,,
4.453000,-3.092956E-07,107.923000,,,,,,,,,,,,,,,,,,,,,,,,,,,,,,,,,,,,,,,
4.458000,-3.175643E-07,108.076000,,,,,,,,,,,,,,,,,,,,,,,,,,,,,,,,,,,,,,,
4.466000,-2.902052E-07,108.076000,,,,,,,,,,,,,,,,,,,,,,,,,,,,,,,,,,,,,,,
4.469000,-2.77764E-07,108.230000,,,,,,,,,,,,,,,,,,,,,,,,,,,,,,,,,,,,,,,
4.471000,-2.660087E-07,108.307000,,,,,,,,,,,,,,,,,,,,,,,,,,,,,,,,,,,,,,,
4.479000,-2.561396E-07,108.538000,,,,,,,,,,,,,,,,,,,,,,,,,,,,,,,,,,,,,,,
4.489000,-2.291615E-07,108.615000,,,,,,,,,,,,,,,,,,,,,,,,,,,,,,,,,,,,,,,
4.494000,-2.239983E-07,108.846000,,,,,,,,,,,,,,,,,,,,,,,,,,,,,,,,,,,,,,,
4.505000,-2.14415E-07,108.923000,,,,,,,,,,,,,,,,,,,,,,,,,,,,,,,,,,,,,,,
4.505000,-2.063368E-07,109.000000,,,,,,,,,,,,,,,,,,,,,,,,,,,,,,,,,,,,,,,
4.515000,1.257454E-09,109.230000,,,,,,,,,,,,,,,,,,,,,,,,,,,,,,,,,,,,,,,
4.515000,5.610913E-08,109.461000,,,,,,,,,,,,,,,,,,,,,,,,,,,,,,,,,,,,,,,
4.530000,3.08343E-07,109.615000,,,,,,,,,,,,,,,,,,,,,,,,,,,,,,,,,,,,,,,
4.535000,5.82087E-07,109.769000,,,,,,,,,,,,,,,,,,,,,,,,,,,,,,,,,,,,,,,
4.535000,7.810887E-07,109.846000,,,,,,,,,,,,,,,,,,,,,,,,,,,,,,,,,,,,,,,
4.543000,8.206032E-07,110.230000,,,,,,,,,,,,,,,,,,,,,,,,,,,,,,,,,,,,,,,
4.543000,7.217978E-07,110.538000,,,,,,,,,,,,,,,,,,,,,,,,,,,,,,,,,,,,,,,
4.558000,4.705165E-07,110.538000,,,,,,,,,,,,,,,,,,,,,,,,,,,,,,,,,,,,,,,
4.561000,2.903957E-07,110.538000,,,,,,,,,,,,,,,,,,,,,,,,,,,,,,,,,,,,,,,
4.566000,1.610685E-07,110.769000,,,,,,,,,,,,,,,,,,,,,,,,,,,,,,,,,,,,,,,
4.571000,6.445406E-08,110.769000,,,,,,,,,,,,,,,,,,,,,,,,,,,,,,,,,,,,,,,
4.579000,1.661364E-08,111.076000,,,,,,,,,,,,,,,,,,,,,,,,,,,,,,,,,,,,,,,
4.579000,-2.518719E-08,111.230000,,,,,,,,,,,,,,,,,,,,,,,,,,,,,,,,,,,,,,,
4.589000,-2.718768E-08,111.307000,,,,,,,,,,,,,,,,,,,,,,,,,,,,,,,,,,,,,,,
4.597000,-1.291748E-08,111.538000,,,,,,,,,,,,,,,,,,,,,,,,,,,,,,,,,,,,,,,
4.602000,-1.960485E-08,111.538000,,,,,,,,,,,,,,,,,,,,,,,,,,,,,,,,,,,,,,,
4.610000,-2.577781E-08,111.692000,,,,,,,,,,,,,,,,,,,,,,,,,,,,,,,,,,,,,,,
4.610000,-1.600396E-09,111.846000,,,,,,,,,,,,,,,,,,,,,,,,,,,,,,,,,,,,,,,
4.625000,1.931145E-07,112.230000,,,,,,,,,,,,,,,,,,,,,,,,,,,,,,,,,,,,,,,
4.633000,3.265571E-07,112.461000,,,,,,,,,,,,,,,,,,,,,,,,,,,,,,,,,,,,,,,
4.633000,5.809248E-07,112.461000,,,,,,,,,,,,,,,,,,,,,,,,,,,,,,,,,,,,,,,
4.646000,6.963058E-07,112.692000,,,,,,,,,,,,,,,,,,,,,,,,,,,,,,,,,,,,,,,
4.651000,9.194658E-07,112.923000,,,,,,,,,,,,,,,,,,,,,,,,,,,,,,,,,,,,,,,
4.651000,1.166975E-06,112.923000,,,,,,,,,,,,,,,,,,,,,,,,,,,,,,,,,,,,,,,
4.656000,1.848724E-06,113.076000,,,,,,,,,,,,,,,,,,,,,,,,,,,,,,,,,,,,,,,
4.664000,4.836112E-06,113.307000,,,,,,,,,,,,,,,,,,,,,,,,,,,,,,,,,,,,,,,
4.676000,1.013032E-05,113.461000,,,,,,,,,,,,,,,,,,,,,,,,,,,,,,,,,,,,,,,
4.679000,2.066771E-05,113.461000,,,,,,,,,,,,,,,,,,,,,,,,,,,,,,,,,,,,,,,
4.687000,2.357479E-05,113.615000,,,,,,,,,,,,,,,,,,,,,,,,,,,,,,,,,,,,,,,
4.692000,2.755719E-05,114.076000,,,,,,,,,,,,,,,,,,,,,,,,,,,,,,,,,,,,,,,
4.692000,2.876268E-05,114.076000,,,,,,,,,,,,,,,,,,,,,,,,,,,,,,,,,,,,,,,
4.700000,2.444209E-05,114.384000,,,,,,,,,,,,,,,,,,,,,,,,,,,,,,,,,,,,,,,
4.712000,1.947892E-05,114.538000,,,,,,,,,,,,,,,,,,,,,,,,,,,,,,,,,,,,,,,
4.712000,1.3111E-05,114.538000,,,,,,,,,,,,,,,,,,,,,,,,,,,,,,,,,,,,,,,
4.717000,8.130356E-06,114.615000,,,,,,,,,,,,,,,,,,,,,,,,,,,,,,,,,,,,,,,
4.728000,6.323032E-06,114.615000,,,,,,,,,,,,,,,,,,,,,,,,,,,,,,,,,,,,,,,
4.733000,3.170823E-06,115.076000,,,,,,,,,,,,,,,,,,,,,,,,,,,,,,,,,,,,,,,
4.741000,2.137024E-06,115.153000,,,,,,,,,,,,,,,,,,,,,,,,,,,,,,,,,,,,,,,
4.741000,1.133995E-06,115.384000,,,,,,,,,,,,,,,,,,,,,,,,,,,,,,,,,,,,,,,
4.753000,5.997676E-07,115.615000,,,,,,,,,,,,,,,,,,,,,,,,,,,,,,,,,,,,,,,
4.758000,2.79231E-07,115.692000,,,,,,,,,,,,,,,,,,,,,,,,,,,,,,,,,,,,,,,
4.758000,1.257264E-07,115.692000,,,,,,,,,,,,,,,,,,,,,,,,,,,,,,,,,,,,,,,
4.766000,2.306285E-07,115.846000,,,,,,,,,,,,,,,,,,,,,,,,,,,,,,,,,,,,,,,
4.776000,3.936975E-07,116.230000,,,,,,,,,,,,,,,,,,,,,,,,,,,,,,,,,,,,,,,
4.784000,4.71431E-07,116.307000,,,,,,,,,,,,,,,,,,,,,,,,,,,,,,,,,,,,,,,
4.792000,5.402671E-07,116.384000,,,,,,,,,,,,,,,,,,,,,,,,,,,,,,,,,,,,,,,
4.792000,5.206242E-07,116.384000,,,,,,,,,,,,,,,,,,,,,,,,,,,,,,,,,,,,,,,
4.800000,4.923695E-07,116.846000,,,,,,,,,,,,,,,,,,,,,,,,,,,,,,,,,,,,,,,
4.807000,2.695715E-07,117.153000,,,,,,,,,,,,,,,,,,,,,,,,,,,,,,,,,,,,,,,
4.812000,2.558729E-08,117.153000,,,,,,,,,,,,,,,,,,,,,,,,,,,,,,,,,,,,,,,
4.820000,-3.621849E-08,117.307000,,,,,,,,,,,,,,,,,,,,,,,,,,,,,,,,,,,,,,,
4.823000,-9.838627E-08,117.461000,,,,,,,,,,,,,,,,,,,,,,,,,,,,,,,,,,,,,,,
4.823000,-1.41597E-07,117.538000,,,,,,,,,,,,,,,,,,,,,,,,,,,,,,,,,,,,,,,
4.833000,-1.393107E-07,117.769000,,,,,,,,,,,,,,,,,,,,,,,,,,,,,,,,,,,,,,,
4.838000,-9.655724E-08,117.846000,,,,,,,,,,,,,,,,,,,,,,,,,,,,,,,,,,,,,,,
4.848000,1.14314E-10,117.923000,,,,,,,,,,,,,,,,,,,,,,,,,,,,,,,,,,,,,,,
4.856000,-1.108846E-08,118.153000,,,,,,,,,,,,,,,,,,,,,,,,,,,,,,,,,,,,,,,
4.858000,5.54423E-08,118.307000,,,,,,,,,,,,,,,,,,,,,,,,,,,,,,,,,,,,,,,
4.866000,1.486082E-07,118.461000,,,,,,,,,,,,,,,,,,,,,,,,,,,,,,,,,,,,,,,
4.874000,3.821899E-07,118.769000,,,,,,,,,,,,,,,,,,,,,,,,,,,,,,,,,,,,,,,
4.876000,6.880942E-07,118.846000,,,,,,,,,,,,,,,,,,,,,,,,,,,,,,,,,,,,,,,
4.889000,3.205041E-06,118.923000,,,,,,,,,,,,,,,,,,,,,,,,,,,,,,,,,,,,,,,
4.889000,5.242079E-06,119.076000,,,,,,,,,,,,,,,,,,,,,,,,,,,,,,,,,,,,,,,
4.900000,6.31684E-06,119.307000,,,,,,,,,,,,,,,,,,,,,,,,,,,,,,,,,,,,,,,
4.902000,8.844781E-06,119.461000,,,,,,,,,,,,,,,,,,,,,,,,,,,,,,,,,,,,,,,
4.910000,9.484577E-06,119.538000,,,,,,,,,,,,,,,,,,,,,,,,,,,,,,,,,,,,,,,
4.912000,9.501915E-06,119.846000,,,,,,,,,,,,,,,,,,,,,,,,,,,,,,,,,,,,,,,
4.923000,7.54242E-06,119.923000,,,,,,,,,,,,,,,,,,,,,,,,,,,,,,,,,,,,,,,
4.925000,6.629299E-06,120.076000,,,,,,,,,,,,,,,,,,,,,,,,,,,,,,,,,,,,,,,
4.935000,5.161011E-06,120.153000,,,,,,,,,,,,,,,,,,,,,,,,,,,,,,,,,,,,,,,
4.935000,2.718292E-06,120.384000,,,,,,,,,,,,,,,,,,,,,,,,,,,,,,,,,,,,,,,
4.946000,2.453065E-06,120.461000,,,,,,,,,,,,,,,,,,,,,,,,,,,,,,,,,,,,,,,
4.951000,1.242955E-06,120.692000,,,,,,,,,,,,,,,,,,,,,,,,,,,,,,,,,,,,,,,
4.958000,4.037762E-07,120.769000,,,,,,,,,,,,,,,,,,,,,,,,,,,,,,,,,,,,,,,
4.964000,1.058357E-07,121.000000,,,,,,,,,,,,,,,,,,,,,,,,,,,,,,,,,,,,,,,
4.969000,2.591118E-09,121.153000,,,,,,,,,,,,,,,,,,,,,,,,,,,,,,,,,,,,,,,
4.976000,3.417227E-07,121.230000,,,,,,,,,,,,,,,,,,,,,,,,,,,,,,,,,,,,,,,
4.982000,5.493551E-07,121.307000,,,,,,,,,,,,,,,,,,,,,,,,,,,,,,,,,,,,,,,
4.989000,8.523253E-07,121.615000,,,,,,,,,,,,,,,,,,,,,,,,,,,,,,,,,,,,,,,
4.992000,1.103969E-06,121.846000,,,,,,,,,,,,,,,,,,,,,,,,,,,,,,,,,,,,,,,
5.002000,1.132166E-06,122.230000,,,,,,,,,,,,,,,,,,,,,,,,,,,,,,,,,,,,,,,
5.005000,1.143712E-06,122.076000,,,,,,,,,,,,,,,,,,,,,,,,,,,,,,,,,,,,,,,
5.010000,9.57761E-07,122.153000,,,,,,,,,,,,,,,,,,,,,,,,,,,,,,,,,,,,,,,
5.017000,6.939052E-07,122.230000,,,,,,,,,,,,,,,,,,,,,,,,,,,,,,,,,,,,,,,
5.023000,4.492541E-07,122.538000,,,,,,,,,,,,,,,,,,,,,,,,,,,,,,,,,,,,,,,
5.023000,1.102178E-07,122.692000,,,,,,,,,,,,,,,,,,,,,,,,,,,,,,,,,,,,,,,
5.035000,6.011012E-08,122.846000,,,,,,,,,,,,,,,,,,,,,,,,,,,,,,,,,,,,,,,
5.041000,-6.144379E-08,122.923000,,,,,,,,,,,,,,,,,,,,,,,,,,,,,,,,,,,,,,,
5.048000,-1.188294E-07,123.000000,,,,,,,,,,,,,,,,,,,,,,,,,,,,,,,,,,,,,,,
5.056000,-1.731667E-07,123.076000,,,,,,,,,,,,,,,,,,,,,,,,,,,,,,,,,,,,,,,
5.058000,-1.876465E-07,123.384000,,,,,,,,,,,,,,,,,,,,,,,,,,,,,,,,,,,,,,,
5.069000,-2.082992E-07,123.615000,,,,,,,,,,,,,,,,,,,,,,,,,,,,,,,,,,,,,,,
5.071000,-2.208547E-07,123.769000,,,,,,,,,,,,,,,,,,,,,,,,,,,,,,,,,,,,,,,
5.079000,-2.217311E-07,123.846000,,,,,,,,,,,,,,,,,,,,,,,,,,,,,,,,,,,,,,,
5.082000,-2.019357E-07,124.076000,,,,,,,,,,,,,,,,,,,,,,,,,,,,,,,,,,,,,,,
5.089000,-2.111189E-07,124.230000,,,,,,,,,,,,,,,,,,,,,,,,,,,,,,,,,,,,,,,
5.097000,-2.07118E-07,124.384000,,,,,,,,,,,,,,,,,,,,,,,,,,,,,,,,,,,,,,,
5.100000,-2.099758E-07,124.538000,,,,,,,,,,,,,,,,,,,,,,,,,,,,,,,,,,,,,,,
5.110000,-2.119191E-07,124.615000,,,,,,,,,,,,,,,,,,,,,,,,,,,,,,,,,,,,,,,
5.112000,-2.088327E-07,124.923000,,,,,,,,,,,,,,,,,,,,,,,,,,,,,,,,,,,,,,,
5.123000,-1.993065E-07,125.000000,,,,,,,,,,,,,,,,,,,,,,,,,,,,,,,,,,,,,,,
5.125000,-1.959533E-07,125.153000,,,,,,,,,,,,,,,,,,,,,,,,,,,,,,,,,,,,,,,
5.133000,-1.916475E-07,125.230000,,,,,,,,,,,,,,,,,,,,,,,,,,,,,,,,,,,,,,,
5.135000,-1.885038E-07,125.461000,,,,,,,,,,,,,,,,,,,,,,,,,,,,,,,,,,,,,,,
5.146000,-1.874369E-07,125.615000,,,,,,,,,,,,,,,,,,,,,,,,,,,,,,,,,,,,,,,
5.151000,-1.855317E-07,125.769000,,,,,,,,,,,,,,,,,,,,,,,,,,,,,,,,,,,,,,,
5.153000,-1.626879E-07,125.846000,,,,,,,,,,,,,,,,,,,,,,,,,,,,,,,,,,,,,,,
5.164000,-4.48111E-08,126.076000,,,,,,,,,,,,,,,,,,,,,,,,,,,,,,,,,,,,,,,
5.169000,6.864557E-08,126.230000,,,,,,,,,,,,,,,,,,,,,,,,,,,,,,,,,,,,,,,
5.174000,3.132014E-07,126.307000,,,,,,,,,,,,,,,,,,,,,,,,,,,,,,,,,,,,,,,
5.179000,4.617524E-07,126.692000,,,,,,,,,,,,,,,,,,,,,,,,,,,,,,,,,,,,,,,
5.187000,8.431802E-07,126.769000,,,,,,,,,,,,,,,,,,,,,,,,,,,,,,,,,,,,,,,
5.192000,1.023168E-06,126.923000,,,,,,,,,,,,,,,,,,,,,,,,,,,,,,,,,,,,,,,
5.200000,1.142969E-06,126.923000,,,,,,,,,,,,,,,,,,,,,,,,,,,,,,,,,,,,,,,
5.205000,1.357022E-06,127.153000,,,,,,,,,,,,,,,,,,,,,,,,,,,,,,,,,,,,,,,
5.207000,2.051098E-06,127.307000,,,,,,,,,,,,,,,,,,,,,,,,,,,,,,,,,,,,,,,
5.215000,3.546383E-06,127.461000,,,,,,,,,,,,,,,,,,,,,,,,,,,,,,,,,,,,,,,
5.223000,8.657439E-06,127.692000,,,,,,,,,,,,,,,,,,,,,,,,,,,,,,,,,,,,,,,
5.228000,2.550997E-05,127.692000,,,,,,,,,,,,,,,,,,,,,,,,,,,,,,,,,,,,,,,
5.235000,3.217808E-05,127.846000,,,,,,,,,,,,,,,,,,,,,,,,,,,,,,,,,,,,,,,
5.241000,4.005881E-05,127.923000,,,,,,,,,,,,,,,,,,,,,,,,,,,,,,,,,,,,,,,
5.243000,4.19116E-05,128.230000,,,,,,,,,,,,,,,,,,,,,,,,,,,,,,,,,,,,,,,
5.253000,4.213386E-05,128.384000,,,,,,,,,,,,,,,,,,,,,,,,,,,,,,,,,,,,,,,
5.258000,4.143333E-05,128.538000,,,,,,,,,,,,,,,,,,,,,,,,,,,,,,,,,,,,,,,
5.266000,2.762897E-05,128.615000,,,,,,,,,,,,,,,,,,,,,,,,,,,,,,,,,,,,,,,
5.271000,2.279747E-05,128.846000,,,,,,,,,,,,,,,,,,,,,,,,,,,,,,,,,,,,,,,
5.276000,1.705782E-05,128.846000,,,,,,,,,,,,,,,,,,,,,,,,,,,,,,,,,,,,,,,
5.279000,1.324385E-05,129.230000,,,,,,,,,,,,,,,,,,,,,,,,,,,,,,,,,,,,,,,
5.287000,9.371101E-06,129.384000,,,,,,,,,,,,,,,,,,,,,,,,,,,,,,,,,,,,,,,
5.294000,6.882352E-06,129.461000,,,,,,,,,,,,,,,,,,,,,,,,,,,,,,,,,,,,,,,
5.300000,4.469069E-06,129.538000,,,,,,,,,,,,,,,,,,,,,,,,,,,,,,,,,,,,,,,
5.307000,2.393583E-06,129.769000,,,,,,,,,,,,,,,,,,,,,,,,,,,,,,,,,,,,,,,
5.312000,1.713872E-06,129.846000,,,,,,,,,,,,,,,,,,,,,,,,,,,,,,,,,,,,,,,
5.317000,5.633776E-07,130.076000,,,,,,,,,,,,,,,,,,,,,,,,,,,,,,,,,,,,,,,
5.325000,3.220035E-07,130.230000,,,,,,,,,,,,,,,,,,,,,,,,,,,,,,,,,,,,,,,
5.333000,-1.423019E-07,130.384000,,,,,,,,,,,,,,,,,,,,,,,,,,,,,,,,,,,,,,,
5.335000,-2.692095E-07,130.538000,,,,,,,,,,,,,,,,,,,,,,,,,,,,,,,,,,,,,,,
5.343000,-4.183703E-07,130.692000,,,,,,,,,,,,,,,,,,,,,,,,,,,,,,,,,,,,,,,
5.346000,-4.223331E-07,130.769000,,,,,,,,,,,,,,,,,,,,,,,,,,,,,,,,,,,,,,,
5.353000,-4.627051E-07,131.000000,,,,,,,,,,,,,,,,,,,,,,,,,,,,,,,,,,,,,,,
5.358000,-4.638863E-07,131.230000,,,,,,,,,,,,,,,,,,,,,,,,,,,,,,,,,,,,,,,
5.369000,-4.481681E-07,131.307000,,,,,,,,,,,,,,,,,,,,,,,,,,,,,,,,,,,,,,,
5.371000,-4.263722E-07,131.384000,,,,,,,,,,,,,,,,,,,,,,,,,,,,,,,,,,,,,,,
5.376000,-4.156267E-07,131.538000,,,,,,,,,,,,,,,,,,,,,,,,,,,,,,,,,,,,,,,
5.387000,-3.860003E-07,131.769000,,,,,,,,,,,,,,,,,,,,,,,,,,,,,,,,,,,,,,,
5.389000,-3.577648E-07,131.923000,,,,,,,,,,,,,,,,,,,,,,,,,,,,,,,,,,,,,,,
5.397000,-3.64414E-07,132.000000,,,,,,,,,,,,,,,,,,,,,,,,,,,,,,,,,,,,,,,
5.402000,-3.415512E-07,132.307000,,,,,,,,,,,,,,,,,,,,,,,,,,,,,,,,,,,,,,,
5.410000,-3.594033E-07,132.384000,,,,,,,,,,,,,,,,,,,,,,,,,,,,,,,,,,,,,,,
5.415000,-3.437613E-07,132.538000,,,,,,,,,,,,,,,,,,,,,,,,,,,,,,,,,,,,,,,
5.420000,-3.264618E-07,132.692000,,,,,,,,,,,,,,,,,,,,,,,,,,,,,,,,,,,,,,,
5.425000,-2.989312E-07,132.923000,,,,,,,,,,,,,,,,,,,,,,,,,,,,,,,,,,,,,,,
5.433000,-2.784118E-07,133.076000,,,,,,,,,,,,,,,,,,,,,,,,,,,,,,,,,,,,,,,
5.438000,-2.463658E-07,133.153000,,,,,,,,,,,,,,,,,,,,,,,,,,,,,,,,,,,,,,,
5.443000,-2.200164E-07,133.307000,,,,,,,,,,,,,,,,,,,,,,,,,,,,,,,,,,,,,,,
5.451000,-1.893612E-07,133.461000,,,,,,,,,,,,,,,,,,,,,,,,,,,,,,,,,,,,,,,
5.456000,-1.775106E-07,133.615000,,,,,,,,,,,,,,,,,,,,,,,,,,,,,,,,,,,,,,,
5.464000,-1.695467E-07,133.769000,,,,,,,,,,,,,,,,,,,,,,,,,,,,,,,,,,,,,,,
5.466000,-1.710328E-07,133.923000,,,,,,,,,,,,,,,,,,,,,,,,,,,,,,,,,,,,,,,
5.476000,-1.711662E-07,134.000000,,,,,,,,,,,,,,,,,,,,,,,,,,,,,,,,,,,,,,,
5.479000,-1.749386E-07,134.307000,,,,,,,,,,,,,,,,,,,,,,,,,,,,,,,,,,,,,,,
5.487000,-1.549908E-07,134.384000,,,,,,,,,,,,,,,,,,,,,,,,,,,,,,,,,,,,,,,
5.492000,-1.346048E-07,134.538000,,,,,,,,,,,,,,,,,,,,,,,,,,,,,,,,,,,,,,,
5.500000,2.057652E-09,134.615000,,,,,,,,,,,,,,,,,,,,,,,,,,,,,,,,,,,,,,,
5.505000,5.685789E-07,134.846000,,,,,,,,,,,,,,,,,,,,,,,,,,,,,,,,,,,,,,,
5.510000,7.962162E-07,135.000000,,,,,,,,,,,,,,,,,,,,,,,,,,,,,,,,,,,,,,,
5.517000,1.301408E-06,135.153000,,,,,,,,,,,,,,,,,,,,,,,,,,,,,,,,,,,,,,,
5.523000,1.535523E-06,135.307000,,,,,,,,,,,,,,,,,,,,,,,,,,,,,,,,,,,,,,,
5.530000,1.626022E-06,135.461000,,,,,,,,,,,,,,,,,,,,,,,,,,,,,,,,,,,,,,,
5.533000,1.679197E-06,135.461000,,,,,,,,,,,,,,,,,,,,,,,,,,,,,,,,,,,,,,,
5.543000,1.352678E-06,135.692000,,,,,,,,,,,,,,,,,,,,,,,,,,,,,,,,,,,,,,,
5.546000,1.164136E-06,135.923000,,,,,,,,,,,,,,,,,,,,,,,,,,,,,,,,,,,,,,,
5.556000,8.153448E-07,136.000000,,,,,,,,,,,,,,,,,,,,,,,,,,,,,,,,,,,,,,,
5.556000,6.673843E-07,136.230000,,,,,,,,,,,,,,,,,,,,,,,,,,,,,,,,,,,,,,,
5.566000,5.477547E-07,136.384000,,,,,,,,,,,,,,,,,,,,,,,,,,,,,,,,,,,,,,,
5.569000,4.676777E-07,136.461000,,,,,,,,,,,,,,,,,,,,,,,,,,,,,,,,,,,,,,,
5.571000,3.915446E-07,136.615000,,,,,,,,,,,,,,,,,,,,,,,,,,,,,,,,,,,,,,,
5.584000,3.193553E-07,136.769000,,,,,,,,,,,,,,,,,,,,,,,,,,,,,,,,,,,,,,,
5.587000,3.272239E-07,136.923000,,,,,,,,,,,,,,,,,,,,,,,,,,,,,,,,,,,,,,,
5.597000,3.331492E-07,137.000000,,,,,,,,,,,,,,,,,,,,,,,,,,,,,,,,,,,,,,,
5.602000,3.306724E-07,137.230000,,,,,,,,,,,,,,,,,,,,,,,,,,,,,,,,,,,,,,,
5.607000,3.710062E-07,137.384000,,,,,,,,,,,,,,,,,,,,,,,,,,,,,,,,,,,,,,,
5.607000,4.150552E-07,137.615000,,,,,,,,,,,,,,,,,,,,,,,,,,,,,,,,,,,,,,,
5.620000,4.692591E-07,137.769000,,,,,,,,,,,,,,,,,,,,,,,,,,,,,,,,,,,,,,,
5.623000,5.395241E-07,137.923000,,,,,,,,,,,,,,,,,,,,,,,,,,,,,,,,,,,,,,,
5.633000,8.194601E-07,138.000000,,,,,,,,,,,,,,,,,,,,,,,,,,,,,,,,,,,,,,,
5.635000,1.439137E-06,138.230000,,,,,,,,,,,,,,,,,,,,,,,,,,,,,,,,,,,,,,,
5.643000,3.120525E-06,138.307000,,,,,,,,,,,,,,,,,,,,,,,,,,,,,,,,,,,,,,,
5.646000,7.741917E-06,138.461000,,,,,,,,,,,,,,,,,,,,,,,,,,,,,,,,,,,,,,,
5.653000,9.673881E-06,138.692000,,,,,,,,,,,,,,,,,,,,,,,,,,,,,,,,,,,,,,,
5.661000,1.264174E-05,138.846000,,,,,,,,,,,,,,,,,,,,,,,,,,,,,,,,,,,,,,,
5.666000,1.37426E-05,138.923000,,,,,,,,,,,,,,,,,,,,,,,,,,,,,,,,,,,,,,,
5.674000,1.453667E-05,139.076000,,,,,,,,,,,,,,,,,,,,,,,,,,,,,,,,,,,,,,,
5.676000,1.399876E-05,139.230000,,,,,,,,,,,,,,,,,,,,,,,,,,,,,,,,,,,,,,,
5.684000,1.09353E-05,139.461000,,,,,,,,,,,,,,,,,,,,,,,,,,,,,,,,,,,,,,,
5.692000,9.190257E-06,139.615000,,,,,,,,,,,,,,,,,,,,,,,,,,,,,,,,,,,,,,,
5.697000,6.802141E-06,139.692000,,,,,,,,,,,,,,,,,,,,,,,,,,,,,,,,,,,,,,,
5.702000,6.028007E-06,139.923000,,,,,,,,,,,,,,,,,,,,,,,,,,,,,,,,,,,,,,,
5.710000,4.518166E-06,140.076000,,,,,,,,,,,,,,,,,,,,,,,,,,,,,,,,,,,,,,,
5.715000,3.327586E-06,140.153000,,,,,,,,,,,,,,,,,,,,,,,,,,,,,,,,,,,,,,,
5.717000,2.754835E-06,140.307000,,,,,,,,,,,,,,,,,,,,,,,,,,,,,,,,,,,,,,,
5.728000,1.494827E-06,140.538000,,,,,,,,,,,,,,,,,,,,,,,,,,,,,,,,,,,,,,,
5.733000,7.645322E-07,140.692000,,,,,,,,,,,,,,,,,,,,,,,,,,,,,,,,,,,,,,,
5.741000,2.502905E-07,140.692000,,,,,,,,,,,,,,,,,,,,,,,,,,,,,,,,,,,,,,,
5.743000,2.400594E-09,140.923000,,,,,,,,,,,,,,,,,,,,,,,,,,,,,,,,,,,,,,,
5.753000,-2.675901E-07,141.153000,,,,,,,,,,,,,,,,,,,,,,,,,,,,,,,,,,,,,,,
5.753000,-3.103435E-07,141.307000,,,,,,,,,,,,,,,,,,,,,,,,,,,,,,,,,,,,,,,
5.766000,-3.397603E-07,141.384000,,,,,,,,,,,,,,,,,,,,,,,,,,,,,,,,,,,,,,,
5.766000,-3.477623E-07,141.538000,,,,,,,,,,,,,,,,,,,,,,,,,,,,,,,,,,,,,,,
5.776000,-3.380647E-07,141.692000,,,,,,,,,,,,,,,,,,,,,,,,,,,,,,,,,,,,,,,
5.779000,-3.107246E-07,141.923000,,,,,,,,,,,,,,,,,,,,,,,,,,,,,,,,,,,,,,,
5.787000,-3.066093E-07,142.000000,,,,,,,,,,,,,,,,,,,,,,,,,,,,,,,,,,,,,,,
5.794000,-2.903957E-07,142.000000,,,,,,,,,,,,,,,,,,,,,,,,,,,,,,,,,,,,,,,
5.797000,-2.640082E-07,142.307000,,,,,,,,,,,,,,,,,,,,,,,,,,,,,,,,,,,,,,,
5.807000,-2.268371E-07,142.538000,,,,,,,,,,,,,,,,,,,,,,,,,,,,,,,,,,,,,,,
5.807000,-2.08223E-07,142.692000,,,,,,,,,,,,,,,,,,,,,,,,,,,,,,,,,,,,,,,
5.817000,-1.944291E-07,142.769000,,,,,,,,,,,,,,,,,,,,,,,,,,,,,,,,,,,,,,,
5.823000,-2.035742E-07,143.076000,,,,,,,,,,,,,,,,,,,,,,,,,,,,,,,,,,,,,,,
5.830000,-1.864843E-07,143.076000,,,,,,,,,,,,,,,,,,,,,,,,,,,,,,,,,,,,,,,
5.835000,-1.275363E-07,143.230000,,,,,,,,,,,,,,,,,,,,,,,,,,,,,,,,,,,,,,,
5.841000,2.233696E-07,143.384000,,,,,,,,,,,,,,,,,,,,,,,,,,,,,,,,,,,,,,,
5.846000,3.761884E-07,143.615000,,,,,,,,,,,,,,,,,,,,,,,,,,,,,,,,,,,,,,,
5.853000,5.86088E-07,143.769000,,,,,,,,,,,,,,,,,,,,,,,,,,,,,,,,,,,,,,,
5.858000,9.269533E-07,143.846000,,,,,,,,,,,,,,,,,,,,,,,,,,,,,,,,,,,,,,,
5.864000,9.433574E-07,143.923000,,,,,,,,,,,,,,,,,,,,,,,,,,,,,,,,,,,,,,,
5.871000,1.026921E-06,144.230000,,,,,,,,,,,,,,,,,,,,,,,,,,,,,,,,,,,,,,,
5.876000,9.089108E-07,144.307000,,,,,,,,,,,,,,,,,,,,,,,,,,,,,,,,,,,,,,,
5.884000,6.941338E-07,144.384000,,,,,,,,,,,,,,,,,,,,,,,,,,,,,,,,,,,,,,,
5.889000,5.776669E-07,144.692000,,,,,,,,,,,,,,,,,,,,,,,,,,,,,,,,,,,,,,,
5.894000,5.776669E-07,144.769000,,,,,,,,,,,,,,,,,,,,,,,,,,,,,,,,,,,,,,,
5.900000,5.776669E-07,144.923000,,,,,,,,,,,,,,,,,,,,,,,,,,,,,,,,,,,,,,,
5.910000,5.776669E-07,145.076000,,,,,,,,,,,,,,,,,,,,,,,,,,,,,,,,,,,,,,,
5.912000,9.070818E-08,145.230000,,,,,,,,,,,,,,,,,,,,,,,,,,,,,,,,,,,,,,,
5.917000,4.151504E-08,145.384000,,,,,,,,,,,,,,,,,,,,,,,,,,,,,,,,,,,,,,,
5.928000,-5.972908E-08,145.615000,,,,,,,,,,,,,,,,,,,,,,,,,,,,,,,,,,,,,,,
5.928000,-1.040067E-07,145.692000,,,,,,,,,,,,,,,,,,,,,,,,,,,,,,,,,,,,,,,
5.941000,-1.341285E-07,145.846000,,,,,,,,,,,,,,,,,,,,,,,,,,,,,,,,,,,,,,,
5.941000,-1.251357E-07,146.076000,,,,,,,,,,,,,,,,,,,,,,,,,,,,,,,,,,,,,,,
5.951000,-4.263913E-08,146.153000,,,,,,,,,,,,,,,,,,,,,,,,,,,,,,,,,,,,,,,
5.953000,9.246099E-08,146.384000,,,,,,,,,,,,,,,,,,,,,,,,,,,,,,,,,,,,,,,
5.964000,3.988416E-07,146.461000,,,,,,,,,,,,,,,,,,,,,,,,,,,,,,,,,,,,,,,
5.966000,6.9602E-07,146.692000,,,,,,,,,,,,,,,,,,,,,,,,,,,,,,,,,,,,,,,
5.976000,1.093985E-06,146.769000,,,,,,,,,,,,,,,,,,,,,,,,,,,,,,,,,,,,,,,
5.979000,1.342542E-06,146.923000,,,,,,,,,,,,,,,,,,,,,,,,,,,,,,,,,,,,,,,
5.987000,1.566921E-06,147.153000,,,,,,,,,,,,,,,,,,,,,,,,,,,,,,,,,,,,,,,
5.992000,1.830682E-06,147.307000,,,,,,,,,,,,,,,,,,,,,,,,,,,,,,,,,,,,,,,
5.997000,1.93507E-06,147.461000,,,,,,,,,,,,,,,,,,,,,,,,,,,,,,,,,,,,,,,
6.005000,2.124755E-06,147.538000,,,,,,,,,,,,,,,,,,,,,,,,,,,,,,,,,,,,,,,
6.010000,2.247318E-06,147.769000,,,,,,,,,,,,,,,,,,,,,,,,,,,,,,,,,,,,,,,
6.015000,3.03679E-06,147.846000,,,,,,,,,,,,,,,,,,,,,,,,,,,,,,,,,,,,,,,
6.020000,3.553832E-06,148.000000,,,,,,,,,,,,,,,,,,,,,,,,,,,,,,,,,,,,,,,
6.030000,6.893288E-06,148.230000,,,,,,,,,,,,,,,,,,,,,,,,,,,,,,,,,,,,,,,
6.035000,1.222975E-05,148.307000,,,,,,,,,,,,,,,,,,,,,,,,,,,,,,,,,,,,,,,
6.041000,2.09639E-05,148.461000,,,,,,,,,,,,,,,,,,,,,,,,,,,,,,,,,,,,,,,
6.046000,2.568585E-05,148.692000,,,,,,,,,,,,,,,,,,,,,,,,,,,,,,,,,,,,,,,
6.053000,3.177829E-05,148.846000,,,,,,,,,,,,,,,,,,,,,,,,,,,,,,,,,,,,,,,
6.056000,3.34649E-05,149.000000,,,,,,,,,,,,,,,,,,,,,,,,,,,,,,,,,,,,,,,
6.064000,3.487664E-05,149.153000,,,,,,,,,,,,,,,,,,,,,,,,,,,,,,,,,,,,,,,
6.071000,3.361118E-05,149.307000,,,,,,,,,,,,,,,,,,,,,,,,,,,,,,,,,,,,,,,
6.076000,2.946055E-05,149.384000,,,,,,,,,,,,,,,,,,,,,,,,,,,,,,,,,,,,,,,
6.084000,2.542477E-05,149.615000,,,,,,,,,,,,,,,,,,,,,,,,,,,,,,,,,,,,,,,
6.084000,2.250908E-05,149.615000,,,,,,,,,,,,,,,,,,,,,,,,,,,,,,,,,,,,,,,
6.097000,1.819639E-05,149.923000,,,,,,,,,,,,,,,,,,,,,,,,,,,,,,,,,,,,,,,
6.097000,1.567055E-05,150.076000,,,,,,,,,,,,,,,,,,,,,,,,,,,,,,,,,,,,,,,
6.110000,1.24024E-05,150.153000,,,,,,,,,,,,,,,,,,,,,,,,,,,,,,,,,,,,,,,
6.110000,9.828872E-06,150.384000,,,,,,,,,,,,,,,,,,,,,,,,,,,,,,,,,,,,,,,
6.120000,7.134852E-06,150.538000,,,,,,,,,,,,,,,,,,,,,,,,,,,,,,,,,,,,,,,
6.123000,5.113304E-06,150.538000,,,,,,,,,,,,,,,,,,,,,,,,,,,,,,,,,,,,,,,
6.128000,3.640635E-06,150.769000,,,,,,,,,,,,,,,,,,,,,,,,,,,,,,,,,,,,,,,
6.138000,1.776307E-06,151.076000,,,,,,,,,,,,,,,,,,,,,,,,,,,,,,,,,,,,,,,
6.141000,1.294911E-06,151.153000,,,,,,,,,,,,,,,,,,,,,,,,,,,,,,,,,,,,,,,
6.148000,7.56816E-07,151.230000,,,,,,,,,,,,,,,,,,,,,,,,,,,,,,,,,,,,,,,
6.156000,4.349839E-07,151.461000,,,,,,,,,,,,,,,,,,,,,,,,,,,,,,,,,,,,,,,
6.161000,4.349839E-07,151.538000,,,,,,,,,,,,,,,,,,,,,,,,,,,,,,,,,,,,,,,
6.166000,-2.133862E-09,151.769000,,,,,,,,,,,,,,,,,,,,,,,,,,,,,,,,,,,,,,,
6.174000,-1.068265E-07,151.923000,,,,,,,,,,,,,,,,,,,,,,,,,,,,,,,,,,,,,,,
6.179000,-1.241069E-07,152.076000,,,,,,,,,,,,,,,,,,,,,,,,,,,,,,,,,,,,,,,
6.184000,-1.300513E-07,152.230000,,,,,,,,,,,,,,,,,,,,,,,,,,,,,,,,,,,,,,,
6.189000,-1.249262E-07,152.384000,,,,,,,,,,,,,,,,,,,,,,,,,,,,,,,,,,,,,,,
6.197000,-1.201059E-07,152.461000,,,,,,,,,,,,,,,,,,,,,,,,,,,,,,,,,,,,,,,
6.202000,-1.184293E-07,152.692000,,,,,,,,,,,,,,,,,,,,,,,,,,,,,,,,,,,,,,,
6.207000,-1.166194E-07,152.769000,,,,,,,,,,,,,,,,,,,,,,,,,,,,,,,,,,,,,,,
6.215000,-1.168289E-07,153.000000,,,,,,,,,,,,,,,,,,,,,,,,,,,,,,,,,,,,,,,
6.220000,-1.200297E-07,153.153000,,,,,,,,,,,,,,,,,,,,,,,,,,,,,,,,,,,,,,,
6.228000,-1.283937E-07,153.230000,,,,,,,,,,,,,,,,,,,,,,,,,,,,,,,,,,,,,,,
6.230000,-1.24126E-07,153.384000,,,,,,,,,,,,,,,,,,,,,,,,,,,,,,,,,,,,,,,
6.238000,-9.518547E-08,153.615000,,,,,,,,,,,,,,,,,,,,,,,,,,,,,,,,,,,,,,,
6.246000,-5.683312E-08,153.692000,,,,,,,,,,,,,,,,,,,,,,,,,,,,,,,,,,,,,,,
6.253000,2.12243E-08,153.846000,,,,,,,,,,,,,,,,,,,,,,,,,,,,,,,,,,,,,,,
6.256000,6.430164E-08,154.000000,,,,,,,,,,,,,,,,,,,,,,,,,,,,,,,,,,,,,,,
6.264000,1.094366E-07,154.307000,,,,,,,,,,,,,,,,,,,,,,,,,,,,,,,,,,,,,,,
6.269000,1.304323E-07,154.461000,,,,,,,,,,,,,,,,,,,,,,,,,,,,,,,,,,,,,,,
6.274000,1.420352E-07,154.461000,,,,,,,,,,,,,,,,,,,,,,,,,,,,,,,,,,,,,,,
6.282000,1.511612E-07,154.615000,,,,,,,,,,,,,,,,,,,,,,,,,,,,,,,,,,,,,,,
6.287000,1.320708E-07,154.846000,,,,,,,,,,,,,,,,,,,,,,,,,,,,,,,,,,,,,,,
6.292000,8.880294E-08,154.923000,,,,,,,,,,,,,,,,,,,,,,,,,,,,,,,,,,,,,,,
6.300000,6.996018E-08,155.076000,,,,,,,,,,,,,,,,,,,,,,,,,,,,,,,,,,,,,,,
6.307000,5.123173E-08,155.307000,,,,,,,,,,,,,,,,,,,,,,,,,,,,,,,,,,,,,,,
6.307000,4.041001E-08,155.461000,,,,,,,,,,,,,,,,,,,,,,,,,,,,,,,,,,,,,,,
6.320000,2.939776E-08,155.615000,,,,,,,,,,,,,,,,,,,,,,,,,,,,,,,,,,,,,,,
6.323000,2.859756E-08,155.769000,,,,,,,,,,,,,,,,,,,,,,,,,,,,,,,,,,,,,,,
6.328000,2.528245E-08,155.846000,,,,,,,,,,,,,,,,,,,,,,,,,,,,,,,,,,,,,,,
6.335000,2.53015E-08,156.076000,,,,,,,,,,,,,,,,,,,,,,,,,,,,,,,,,,,,,,,
6.341000,3.124583E-08,156.307000,,,,,,,,,,,,,,,,,,,,,,,,,,,,,,,,,,,,,,,
6.343000,3.376074E-08,156.307000,,,,,,,,,,,,,,,,,,,,,,,,,,,,,,,,,,,,,,,
6.353000,3.894298E-08,156.538000,,,,,,,,,,,,,,,,,,,,,,,,,,,,,,,,,,,,,,,
6.361000,5.144131E-08,156.692000,,,,,,,,,,,,,,,,,,,,,,,,,,,,,,,,,,,,,,,
6.364000,5.342275E-08,156.769000,,,,,,,,,,,,,,,,,,,,,,,,,,,,,,,,,,,,,,,
6.374000,6.679749E-08,156.923000,,,,,,,,,,,,,,,,,,,,,,,,,,,,,,,,,,,,,,,
6.374000,8.785032E-08,157.153000,,,,,,,,,,,,,,,,,,,,,,,,,,,,,,,,,,,,,,,
6.379000,2.104902E-07,157.230000,,,,,,,,,,,,,,,,,,,,,,,,,,,,,,,,,,,,,,,
6.389000,4.744603E-07,157.461000,,,,,,,,,,,,,,,,,,,,,,,,,,,,,,,,,,,,,,,
6.394000,5.948521E-07,157.538000,,,,,,,,,,,,,,,,,,,,,,,,,,,,,,,,,,,,,,,
6.400000,7.968449E-07,157.615000,,,,,,,,,,,,,,,,,,,,,,,,,,,,,,,,,,,,,,,
6.405000,1.164669E-06,157.846000,,,,,,,,,,,,,,,,,,,,,,,,,,,,,,,,,,,,,,,
6.412000,1.580125E-06,158.000000,,,,,,,,,,,,,,,,,,,,,,,,,,,,,,,,,,,,,,,
6.415000,1.952007E-06,158.076000,,,,,,,,,,,,,,,,,,,,,,,,,,,,,,,,,,,,,,,
6.428000,2.133747E-06,158.307000,,,,,,,,,,,,,,,,,,,,,,,,,,,,,,,,,,,,,,,
6.428000,2.147027E-06,158.461000,,,,,,,,,,,,,,,,,,,,,,,,,,,,,,,,,,,,,,,
6.438000,2.024158E-06,158.615000,,,,,,,,,,,,,,,,,,,,,,,,,,,,,,,,,,,,,,,
6.443000,1.754168E-06,158.923000,,,,,,,,,,,,,,,,,,,,,,,,,,,,,,,,,,,,,,,
6.448000,1.581877E-06,158.923000,,,,,,,,,,,,,,,,,,,,,,,,,,,,,,,,,,,,,,,
6.451000,1.3442E-06,159.000000,,,,,,,,,,,,,,,,,,,,,,,,,,,,,,,,,,,,,,,
6.461000,1.098291E-06,159.307000,,,,,,,,,,,,,,,,,,,,,,,,,,,,,,,,,,,,,,,
6.466000,9.104159E-07,159.384000,,,,,,,,,,,,,,,,,,,,,,,,,,,,,,,,,,,,,,,
6.476000,5.768857E-07,159.461000,,,,,,,,,,,,,,,,,,,,,,,,,,,,,,,,,,,,,,,
6.476000,5.280165E-07,159.692000,,,,,,,,,,,,,,,,,,,,,,,,,,,,,,,,,,,,,,,
6.484000,2.456989E-07,159.846000,,,,,,,,,,,,,,,,,,,,,,,,,,,,,,,,,,,,,,,
6.492000,1.804066E-07,160.000000,,,,,,,,,,,,,,,,,,,,,,,,,,,,,,,,,,,,,,,
6.497000,1.809972E-08,160.153000,,,,,,,,,,,,,,,,,,,,,,,,,,,,,,,,,,,,,,,
6.505000,-5.014575E-08,160.307000,,,,,,,,,,,,,,,,,,,,,,,,,,,,,,,,,,,,,,,
6.505000,-9.937699E-08,160.538000,,,,,,,,,,,,,,,,,,,,,,,,,,,,,,,,,,,,,,,
6.517000,-1.774154E-07,160.692000,,,,,,,,,,,,,,,,,,,,,,,,,,,,,,,,,,,,,,,
6.520000,-2.126622E-07,160.846000,,,,,,,,,,,,,,,,,,,,,,,,,,,,,,,,,,,,,,,
6.528000,-2.420028E-07,160.923000,,,,,,,,,,,,,,,,,,,,,,,,,,,,,,,,,,,,,,,
6.533000,-2.540629E-07,161.076000,,,,,,,,,,,,,,,,,,,,,,,,,,,,,,,,,,,,,,,
6.541000,-2.67914E-07,161.230000,,,,,,,,,,,,,,,,,,,,,,,,,,,,,,,,,,,,,,,
6.543000,-2.763732E-07,161.461000,,,,,,,,,,,,,,,,,,,,,,,,,,,,,,,,,,,,,,,
6.551000,-2.876522E-07,161.615000,,,,,,,,,,,,,,,,,,,,,,,,,,,,,,,,,,,,,,,
6.558000,-3.063997E-07,161.769000,,,,,,,,,,,,,,,,,,,,,,,,,,,,,,,,,,,,,,,
6.561000,-3.252615E-07,161.846000,,,,,,,,,,,,,,,,,,,,,,,,,,,,,,,,,,,,,,,
6.569000,-3.53459E-07,162.000000,,,,,,,,,,,,,,,,,,,,,,,,,,,,,,,,,,,,,,,
6.576000,-3.702631E-07,162.230000,,,,,,,,,,,,,,,,,,,,,,,,,,,,,,,,,,,,,,,
6.582000,-3.756168E-07,162.307000,,,,,,,,,,,,,,,,,,,,,,,,,,,,,,,,,,,,,,,
6.587000,-3.525635E-07,162.461000,,,,,,,,,,,,,,,,,,,,,,,,,,,,,,,,,,,,,,,
6.594000,-3.066093E-07,162.692000,,,,,,,,,,,,,,,,,,,,,,,,,,,,,,,,,,,,,,,
6.597000,-2.84299E-07,162.846000,,,,,,,,,,,,,,,,,,,,,,,,,,,,,,,,,,,,,,,
6.607000,-2.423267E-07,163.000000,,,,,,,,,,,,,,,,,,,,,,,,,,,,,,,,,,,,,,,
6.610000,-2.389735E-07,163.153000,,,,,,,,,,,,,,,,,,,,,,,,,,,,,,,,,,,,,,,
6.615000,-2.296569E-07,163.230000,,,,,,,,,,,,,,,,,,,,,,,,,,,,,,,,,,,,,,,
6.623000,-2.239602E-07,163.461000,,,,,,,,,,,,,,,,,,,,,,,,,,,,,,,,,,,,,,,
6.628000,-2.212929E-07,163.615000,,,,,,,,,,,,,,,,,,,,,,,,,,,,,,,,,,,,,,,
6.638000,-2.1331E-07,163.692000,,,,,,,,,,,,,,,,,,,,,,,,,,,,,,,,,,,,,,,
6.638000,-2.107188E-07,163.692000,,,,,,,,,,,,,,,,,,,,,,,,,,,,,,,,,,,,,,,
6.648000,-2.068131E-07,164.000000,,,,,,,,,,,,,,,,,,,,,,,,,,,,,,,,,,,,,,,
6.653000,-2.094423E-07,164.153000,,,,,,,,,,,,,,,,,,,,,,,,,,,,,,,,,,,,,,,
6.658000,-2.128908E-07,164.307000,,,,,,,,,,,,,,,,,,,,,,,,,,,,,,,,,,,,,,,
6.664000,-2.331053E-07,164.461000,,,,,,,,,,,,,,,,,,,,,,,,,,,,,,,,,,,,,,,
6.671000,-2.569589E-07,164.692000,,,,,,,,,,,,,,,,,,,,,,,,,,,,,,,,,,,,,,,
6.674000,-2.722198E-07,164.692000,,,,,,,,,,,,,,,,,,,,,,,,,,,,,,,,,,,,,,,
6.684000,-2.769638E-07,164.923000,,,,,,,,,,,,,,,,,,,,,,,,,,,,,,,,,,,,,,,
6.689000,-2.765447E-07,165.076000,,,,,,,,,,,,,,,,,,,,,,,,,,,,,,,,,,,,,,,
6.694000,-2.575876E-07,165.230000,,,,,,,,,,,,,,,,,,,,,,,,,,,,,,,,,,,,,,,
6.702000,-2.496047E-07,165.384000,,,,,,,,,,,,,,,,,,,,,,,,,,,,,,,,,,,,,,,
6.705000,-2.471088E-07,165.538000,,,,,,,,,,,,,,,,,,,,,,,,,,,,,,,,,,,,,,,
6.710000,-2.379256E-07,165.615000,,,,,,,,,,,,,,,,,,,,,,,,,,,,,,,,,,,,,,,
6.720000,-2.31543E-07,165.923000,,,,,,,,,,,,,,,,,,,,,,,,,,,,,,,,,,,,,,,
6.725000,-2.273706E-07,166.000000,,,,,,,,,,,,,,,,,,,,,,,,,,,,,,,,,,,,,,,
6.730000,-2.14777E-07,166.153000,,,,,,,,,,,,,,,,,,,,,,,,,,,,,,,,,,,,,,,
6.741000,-1.919142E-07,166.384000,,,,,,,,,,,,,,,,,,,,,,,,,,,,,,,,,,,,,,,
6.741000,-1.795873E-07,166.461000,,,,,,,,,,,,,,,,,,,,,,,,,,,,,,,,,,,,,,,
6.746000,-1.498276E-07,166.538000,,,,,,,,,,,,,,,,,,,,,,,,,,,,,,,,,,,,,,,
6.753000,-1.415779E-07,166.846000,,,,,,,,,,,,,,,,,,,,,,,,,,,,,,,,,,,,,,,
6.761000,-1.15381E-07,166.923000,,,,,,,,,,,,,,,,,,,,,,,,,,,,,,,,,,,,,,,
6.769000,-1.072456E-07,167.000000,,,,,,,,,,,,,,,,,,,,,,,,,,,,,,,,,,,,,,,
6.774000,-9.680492E-08,167.230000,,,,,,,,,,,,,,,,,,,,,,,,,,,,,,,,,,,,,,,
6.779000,-9.41376E-08,167.384000,,,,,,,,,,,,,,,,,,,,,,,,,,,,,,,,,,,,,,,
6.782000,-9.166079E-08,167.538000,,,,,,,,,,,,,,,,,,,,,,,,,,,,,,,,,,,,,,,
6.794000,-7.133195E-08,167.769000,,,,,,,,,,,,,,,,,,,,,,,,,,,,,,,,,,,,,,,
6.797000,-4.383943E-08,167.923000,,,,,,,,,,,,,,,,,,,,,,,,,,,,,,,,,,,,,,,
6.805000,-2.0386E-09,168.000000,,,,,,,,,,,,,,,,,,,,,,,,,,,,,,,,,,,,,,,
6.810000,7.129384E-08,168.153000,,,,,,,,,,,,,,,,,,,,,,,,,,,,,,,,,,,,,,,
6.817000,1.77301E-07,168.384000,,,,,,,,,,,,,,,,,,,,,,,,,,,,,,,,,,,,,,,
6.820000,2.401357E-07,168.538000,,,,,,,,,,,,,,,,,,,,,,,,,,,,,,,,,,,,,,,
6.828000,3.522396E-07,168.692000,,,,,,,,,,,,,,,,,,,,,,,,,,,,,,,,,,,,,,,
6.835000,4.891687E-07,168.846000,,,,,,,,,,,,,,,,,,,,,,,,,,,,,,,,,,,,,,,
6.838000,5.718368E-07,169.000000,,,,,,,,,,,,,,,,,,,,,,,,,,,,,,,,,,,,,,,
6.848000,6.634976E-07,169.153000,,,,,,,,,,,,,,,,,,,,,,,,,,,,,,,,,,,,,,,
6.848000,7.261989E-07,169.307000,,,,,,,,,,,,,,,,,,,,,,,,,,,,,,,,,,,,,,,
6.858000,8.896679E-07,169.384000,,,,,,,,,,,,,,,,,,,,,,,,,,,,,,,,,,,,,,,
6.861000,9.506544E-07,169.615000,,,,,,,,,,,,,,,,,,,,,,,,,,,,,,,,,,,,,,,
6.871000,1.150113E-06,169.692000,,,,,,,,,,,,,,,,,,,,,,,,,,,,,,,,,,,,,,,
6.876000,1.368091E-06,169.923000,,,,,,,,,,,,,,,,,,,,,,,,,,,,,,,,,,,,,,,
6.882000,1.539334E-06,170.000000,,,,,,,,,,,,,,,,,,,,,,,,,,,,,,,,,,,,,,,
6.887000,1.788081E-06,170.153000,,,,,,,,,,,,,,,,,,,,,,,,,,,,,,,,,,,,,,,
6.892000,2.319832E-06,170.307000,,,,,,,,,,,,,,,,,,,,,,,,,,,,,,,,,,,,,,,
6.900000,2.988207E-06,170.538000,,,,,,,,,,,,,,,,,,,,,,,,,,,,,,,,,,,,,,,
6.905000,3.975727E-06,170.615000,,,,,,,,,,,,,,,,,,,,,,,,,,,,,,,,,,,,,,,
6.912000,5.48553E-06,170.769000,,,,,,,,,,,,,,,,,,,,,,,,,,,,,,,,,,,,,,,
6.915000,7.302761E-06,170.923000,,,,,,,,,,,,,,,,,,,,,,,,,,,,,,,,,,,,,,,
6.925000,9.333625E-06,171.153000,,,,,,,,,,,,,,,,,,,,,,,,,,,,,,,,,,,,,,,
6.928000,1.047126E-05,171.307000,,,,,,,,,,,,,,,,,,,,,,,,,,,,,,,,,,,,,,,
6.938000,1.196254E-05,171.307000,,,,,,,,,,,,,,,,,,,,,,,,,,,,,,,,,,,,,,,
6.941000,1.223251E-05,171.538000,,,,,,,,,,,,,,,,,,,,,,,,,,,,,,,,,,,,,,,
6.951000,1.289874E-05,171.769000,,,,,,,,,,,,,,,,,,,,,,,,,,,,,,,,,,,,,,,
6.953000,1.269114E-05,171.923000,,,,,,,,,,,,,,,,,,,,,,,,,,,,,,,,,,,,,,,
6.961000,1.156719E-05,172.000000,,,,,,,,,,,,,,,,,,,,,,,,,,,,,,,,,,,,,,,
6.964000,1.057654E-05,172.307000,,,,,,,,,,,,,,,,,,,,,,,,,,,,,,,,,,,,,,,
6.971000,9.021739E-06,172.307000,,,,,,,,,,,,,,,,,,,,,,,,,,,,,,,,,,,,,,,
6.979000,7.136148E-06,172.538000,,,,,,,,,,,,,,,,,,,,,,,,,,,,,,,,,,,,,,,
6.984000,5.935908E-06,172.615000,,,,,,,,,,,,,,,,,,,,,,,,,,,,,,,,,,,,,,,
6.989000,4.738926E-06,172.769000,,,,,,,,,,,,,,,,,,,,,,,,,,,,,,,,,,,,,,,
6.994000,3.532208E-06,172.923000,,,,,,,,,,,,,,,,,,,,,,,,,,,,,,,,,,,,,,,
7.002000,2.256311E-06,173.153000,,,,,,,,,,,,,,,,,,,,,,,,,,,,,,,,,,,,,,,
7.007000,1.586259E-06,173.153000,,,,,,,,,,,,,,,,,,,,,,,,,,,,,,,,,,,,,,,
7.015000,8.769219E-07,173.384000,,,,,,,,,,,,,,,,,,,,,,,,,,,,,,,,,,,,,,,
7.017000,4.916456E-07,173.538000,,,,,,,,,,,,,,,,,,,,,,,,,,,,,,,,,,,,,,,
7.028000,1.213634E-08,173.692000,,,,,,,,,,,,,,,,,,,,,,,,,,,,,,,,,,,,,,,
7.030000,-1.100653E-07,173.846000,,,,,,,,,,,,,,,,,,,,,,,,,,,,,,,,,,,,,,,
7.038000,-2.560634E-07,174.000000,,,,,,,,,,,,,,,,,,,,,,,,,,,,,,,,,,,,,,,
7.038000,-3.610799E-07,174.153000,,,,,,,,,,,,,,,,,,,,,,,,,,,,,,,,,,,,,,,
7.046000,-3.689294E-07,174.307000,,,,,,,,,,,,,,,,,,,,,,,,,,,,,,,,,,,,,,,
7.056000,-3.581077E-07,174.461000,,,,,,,,,,,,,,,,,,,,,,,,,,,,,,,,,,,,,,,
7.064000,-3.474003E-07,174.538000,,,,,,,,,,,,,,,,,,,,,,,,,,,,,,,,,,,,,,,
7.069000,-3.451902E-07,174.769000,,,,,,,,,,,,,,,,,,,,,,,,,,,,,,,,,,,,,,,
7.071000,-3.432278E-07,174.923000,,,,,,,,,,,,,,,,,,,,,,,,,,,,,,,,,,,,,,,
7.074000,-3.48391E-07,175.153000,,,,,,,,,,,,,,,,,,,,,,,,,,,,,,,,,,,,,,,
7.084000,-3.489245E-07,175.307000,,,,,,,,,,,,,,,,,,,,,,,,,,,,,,,,,,,,,,,
7.094000,-3.547926E-07,175.384000,,,,,,,,,,,,,,,,,,,,,,,,,,,,,,,,,,,,,,,
7.094000,-3.554404E-07,175.307000,,,,,,,,,,,,,,,,,,,,,,,,,,,,,,,,,,,,,,,
7.097000,-3.569455E-07,175.461000,,,,,,,,,,,,,,,,,,,,,,,,,,,,,,,,,,,,,,,
7.105000,-3.740926E-07,175.923000,,,,,,,,,,,,,,,,,,,,,,,,,,,,,,,,,,,,,,,
7.112000,-4.232667E-07,176.000000,,,,,,,,,,,,,,,,,,,,,,,,,,,,,,,,,,,,,,,
7.120000,-4.42662E-07,176.076000,,,,,,,,,,,,,,,,,,,,,,,,,,,,,,,,,,,,,,,
7.125000,-4.645341E-07,176.076000,,,,,,,,,,,,,,,,,,,,,,,,,,,,,,,,,,,,,,,
7.125000,-4.904262E-07,176.153000,,,,,,,,,,,,,,,,,,,,,,,,,,,,,,,,,,,,,,,
7.135000,-5.434298E-07,176.384000,,,,,,,,,,,,,,,,,,,,,,,,,,,,,,,,,,,,,,,
7.138000,-5.616248E-07,176.615000,,,,,,,,,,,,,,,,,,,,,,,,,,,,,,,,,,,,,,,
7.146000,-5.550136E-07,176.692000,,,,,,,,,,,,,,,,,,,,,,,,,,,,,,,,,,,,,,,
7.153000,-5.294644E-07,176.769000,,,,,,,,,,,,,,,,,,,,,,,,,,,,,,,,,,,,,,,
7.161000,-4.911311E-07,177.000000,,,,,,,,,,,,,,,,,,,,,,,,,,,,,,,,,,,,,,,
7.161000,-4.716215E-07,177.076000,,,,,,,,,,,,,,,,,,,,,,,,,,,,,,,,,,,,,,,
7.171000,-4.213234E-07,177.307000,,,,,,,,,,,,,,,,,,,,,,,,,,,,,,,,,,,,,,,
7.174000,-4.083106E-07,177.384000,,,,,,,,,,,,,,,,,,,,,,,,,,,,,,,,,,,,,,,
7.179000,-3.797893E-07,177.615000,,,,,,,,,,,,,,,,,,,,,,,,,,,,,,,,,,,,,,,
7.189000,-3.397984E-07,177.692000,,,,,,,,,,,,,,,,,,,,,,,,,,,,,,,,,,,,,,,
7.192000,-3.232991E-07,177.846000,,,,,,,,,,,,,,,,,,,,,,,,,,,,,,,,,,,,,,,
7.202000,-2.938823E-07,178.000000,,,,,,,,,,,,,,,,,,,,,,,,,,,,,,,,,,,,,,,
7.205000,-2.878999E-07,178.076000,,,,,,,,,,,,,,,,,,,,,,,,,,,,,,,,,,,,,,,
7.215000,-2.82851E-07,178.307000,,,,,,,,,,,,,,,,,,,,,,,,,,,,,,,,,,,,,,,
7.215000,-2.767161E-07,178.461000,,,,,,,,,,,,,,,,,,,,,,,,,,,,,,,,,,,,,,,
7.225000,-2.722198E-07,178.538000,,,,,,,,,,,,,,,,,,,,,,,,,,,,,,,,,,,,,,,
7.241000,-2.713624E-07,178.769000,,,,,,,,,,,,,,,,,,,,,,,,,,,,,,,,,,,,,,,
7.241000,-2.710004E-07,178.923000,,,,,,,,,,,,,,,,,,,,,,,,,,,,,,,,,,,,,,,
7.241000,-2.662945E-07,179.076000,,,,,,,,,,,,,,,,,,,,,,,,,,,,,,,,,,,,,,,
7.253000,-2.486902E-07,179.615000,,,,,,,,,,,,,,,,,,,,,,,,,,,,,,,,,,,,,,,
7.253000,-2.343437E-07,179.769000,,,,,,,,,,,,,,,,,,,,,,,,,,,,,,,,,,,,,,,
7.269000,-1.557147E-07,179.769000,,,,,,,,,,,,,,,,,,,,,,,,,,,,,,,,,,,,,,,
7.269000,-9.562368E-08,179.769000,,,,,,,,,,,,,,,,,,,,,,,,,,,,,,,,,,,,,,,
7.274000,4.934555E-09,180.000000,,,,,,,,,,,,,,,,,,,,,,,,,,,,,,,,,,,,,,,
7.279000,8.15059E-08,180.000000,,,,,,,,,,,,,,,,,,,,,,,,,,,,,,,,,,,,,,,
7.292000,2.454513E-07,180.461000,,,,,,,,,,,,,,,,,,,,,,,,,,,,,,,,,,,,,,,
7.297000,3.56374E-07,180.538000,,,,,,,,,,,,,,,,,,,,,,,,,,,,,,,,,,,,,,,
7.305000,5.038772E-07,180.538000,,,,,,,,,,,,,,,,,,,,,,,,,,,,,,,,,,,,,,,
7.307000,6.2686E-07,180.692000,,,,,,,,,,,,,,,,,,,,,,,,,,,,,,,,,,,,,,,
7.307000,7.315716E-07,180.923000,,,,,,,,,,,,,,,,,,,,,,,,,,,,,,,,,,,,,,,
7.320000,8.380551E-07,181.307000,,,,,,,,,,,,,,,,,,,,,,,,,,,,,,,,,,,,,,,
7.325000,1.00623E-06,181.461000,,,,,,,,,,,,,,,,,,,,,,,,,,,,,,,,,,,,,,,
7.325000,1.053004E-06,181.461000,,,,,,,,,,,,,,,,,,,,,,,,,,,,,,,,,,,,,,,
7.333000,1.537409E-06,181.615000,,,,,,,,,,,,,,,,,,,,,,,,,,,,,,,,,,,,,,,
7.346000,1.755844E-06,181.846000,,,,,,,,,,,,,,,,,,,,,,,,,,,,,,,,,,,,,,,
7.351000,2.239469E-06,181.846000,,,,,,,,,,,,,,,,,,,,,,,,,,,,,,,,,,,,,,,
7.351000,2.872216E-06,181.846000,,,,,,,,,,,,,,,,,,,,,,,,,,,,,,,,,,,,,,,
7.361000,3.440604E-06,182.307000,,,,,,,,,,,,,,,,,,,,,,,,,,,,,,,,,,,,,,,
7.361000,3.984758E-06,182.461000,,,,,,,,,,,,,,,,,,,,,,,,,,,,,,,,,,,,,,,
7.374000,4.964067E-06,182.461000,,,,,,,,,,,,,,,,,,,,,,,,,,,,,,,,,,,,,,,
7.384000,6.440319E-06,182.692000,,,,,,,,,,,,,,,,,,,,,,,,,,,,,,,,,,,,,,,
7.387000,8.810696E-06,182.692000,,,,,,,,,,,,,,,,,,,,,,,,,,,,,,,,,,,,,,,
7.392000,9.659554E-06,183.000000,,,,,,,,,,,,,,,,,,,,,,,,,,,,,,,,,,,,,,,
7.402000,1.234287E-05,183.000000,,,,,,,,,,,,,,,,,,,,,,,,,,,,,,,,,,,,,,,
7.402000,1.615091E-05,183.461000,,,,,,,,,,,,,,,,,,,,,,,,,,,,,,,,,,,,,,,
7.412000,1.733675E-05,183.538000,,,,,,,,,,,,,,,,,,,,,,,,,,,,,,,,,,,,,,,
7.417000,2.11223E-05,183.769000,,,,,,,,,,,,,,,,,,,,,,,,,,,,,,,,,,,,,,,
7.425000,2.240221E-05,183.769000,,,,,,,,,,,,,,,,,,,,,,,,,,,,,,,,,,,,,,,
7.428000,2.365546E-05,183.846000,,,,,,,,,,,,,,,,,,,,,,,,,,,,,,,,,,,,,,,
7.435000,2.42533E-05,184.153000,,,,,,,,,,,,,,,,,,,,,,,,,,,,,,,,,,,,,,,
7.435000,2.363536E-05,184.307000,,,,,,,,,,,,,,,,,,,,,,,,,,,,,,,,,,,,,,,
7.451000,2.263353E-05,184.461000,,,,,,,,,,,,,,,,,,,,,,,,,,,,,,,,,,,,,,,
7.451000,1.979326E-05,184.615000,,,,,,,,,,,,,,,,,,,,,,,,,,,,,,,,,,,,,,,
7.458000,1.834067E-05,184.615000,,,,,,,,,,,,,,,,,,,,,,,,,,,,,,,,,,,,,,,
7.466000,1.614123E-05,184.615000,,,,,,,,,,,,,,,,,,,,,,,,,,,,,,,,,,,,,,,
7.469000,1.348193E-05,185.076000,,,,,,,,,,,,,,,,,,,,,,,,,,,,,,,,,,,,,,,
7.474000,1.030629E-05,185.153000,,,,,,,,,,,,,,,,,,,,,,,,,,,,,,,,,,,,,,,
7.484000,9.011031E-06,185.230000,,,,,,,,,,,,,,,,,,,,,,,,,,,,,,,,,,,,,,,
7.489000,5.753596E-06,185.538000,,,,,,,,,,,,,,,,,,,,,,,,,,,,,,,,,,,,,,,
7.497000,4.934212E-06,185.615000,,,,,,,,,,,,,,,,,,,,,,,,,,,,,,,,,,,,,,,
7.502000,2.887382E-06,185.923000,,,,,,,,,,,,,,,,,,,,,,,,,,,,,,,,,,,,,,,
7.507000,2.591327E-06,186.000000,,,,,,,,,,,,,,,,,,,,,,,,,,,,,,,,,,,,,,,
7.515000,1.839941E-06,186.153000,,,,,,,,,,,,,,,,,,,,,,,,,,,,,,,,,,,,,,,
7.520000,1.289557E-06,186.307000,,,,,,,,,,,,,,,,,,,,,,,,,,,,,,,,,,,,,,,
7.525000,9.860537E-07,186.538000,,,,,,,,,,,,,,,,,,,,,,,,,,,,,,,,,,,,,,,
7.530000,5.506125E-07,186.615000,,,,,,,,,,,,,,,,,,,,,,,,,,,,,,,,,,,,,,,
7.538000,4.873969E-07,186.846000,,,,,,,,,,,,,,,,,,,,,,,,,,,,,,,,,,,,,,,
7.543000,2.195782E-07,186.923000,,,,,,,,,,,,,,,,,,,,,,,,,,,,,,,,,,,,,,,
7.546000,1.263932E-07,187.076000,,,,,,,,,,,,,,,,,,,,,,,,,,,,,,,,,,,,,,,
7.556000,7.058891E-08,187.153000,,,,,,,,,,,,,,,,,,,,,,,,,,,,,,,,,,,,,,,
7.561000,4.72498E-09,187.461000,,,,,,,,,,,,,,,,,,,,,,,,,,,,,,,,,,,,,,,
7.566000,-5.854783E-08,187.461000,,,,,,,,,,,,,,,,,,,,,,,,,,,,,,,,,,,,,,,
7.571000,-7.441843E-08,187.692000,,,,,,,,,,,,,,,,,,,,,,,,,,,,,,,,,,,,,,,
7.582000,-8.659287E-08,187.846000,,,,,,,,,,,,,,,,,,,,,,,,,,,,,,,,,,,,,,,
7.584000,-1.058167E-07,188.000000,,,,,,,,,,,,,,,,,,,,,,,,,,,,,,,,,,,,,,,
7.592000,-1.116276E-07,188.076000,,,,,,,,,,,,,,,,,,,,,,,,,,,,,,,,,,,,,,,
7.597000,-1.211729E-07,188.461000,,,,,,,,,,,,,,,,,,,,,,,,,,,,,,,,,,,,,,,
7.602000,-1.236306E-07,188.461000,,,,,,,,,,,,,,,,,,,,,,,,,,,,,,,,,,,,,,,
7.610000,-1.298226E-07,188.615000,,,,,,,,,,,,,,,,,,,,,,,,,,,,,,,,,,,,,,,
7.617000,-1.259359E-07,188.769000,,,,,,,,,,,,,,,,,,,,,,,,,,,,,,,,,,,,,,,
7.620000,-1.266599E-07,188.923000,,,,,,,,,,,,,,,,,,,,,,,,,,,,,,,,,,,,,,,
7.625000,-1.246594E-07,189.076000,,,,,,,,,,,,,,,,,,,,,,,,,,,,,,,,,,,,,,,
7.638000,-1.254787E-07,189.307000,,,,,,,,,,,,,,,,,,,,,,,,,,,,,,,,,,,,,,,
7.638000,-1.215349E-07,189.307000,,,,,,,,,,,,,,,,,,,,,,,,,,,,,,,,,,,,,,,
7.646000,-1.20506E-07,189.538000,,,,,,,,,,,,,,,,,,,,,,,,,,,,,,,,,,,,,,,
7.651000,-1.170385E-07,189.692000,,,,,,,,,,,,,,,,,,,,,,,,,,,,,,,,,,,,,,,
7.651000,-1.125422E-07,189.846000,,,,,,,,,,,,,,,,,,,,,,,,,,,,,,,,,,,,,,,
7.661000,-1.065788E-07,190.000000,,,,,,,,,,,,,,,,,,,,,,,,,,,,,,,,,,,,,,,
7.671000,-1.06312E-07,190.230000,,,,,,,,,,,,,,,,,,,,,,,,,,,,,,,,,,,,,,,
7.674000,-1.017966E-07,190.230000,,,,,,,,,,,,,,,,,,,,,,,,,,,,,,,,,,,,,,,
7.682000,-9.94913E-08,190.384000,,,,,,,,,,,,,,,,,,,,,,,,,,,,,,,,,,,,,,,
7.689000,-9.606188E-08,190.615000,,,,,,,,,,,,,,,,,,,,,,,,,,,,,,,,,,,,,,,
7.694000,-9.188942E-08,190.769000,,,,,,,,,,,,,,,,,,,,,,,,,,,,,,,,,,,,,,,
7.700000,-9.251815E-08,190.923000,,,,,,,,,,,,,,,,,,,,,,,,,,,,,,,,,,,,,,,
7.707000,-9.107017E-08,191.153000,,,,,,,,,,,,,,,,,,,,,,,,,,,,,,,,,,,,,,,
7.712000,-8.924115E-08,191.307000,,,,,,,,,,,,,,,,,,,,,,,,,,,,,,,,,,,,,,,
7.715000,-8.712634E-08,191.384000,,,,,,,,,,,,,,,,,,,,,,,,,,,,,,,,,,,,,,,
7.728000,-8.670718E-08,191.538000,,,,,,,,,,,,,,,,,,,,,,,,,,,,,,,,,,,,,,,
7.725000,-8.847905E-08,191.692000,,,,,,,,,,,,,,,,,,,,,,,,,,,,,,,,,,,,,,,
7.738000,-8.971745E-08,191.846000,,,,,,,,,,,,,,,,,,,,,,,,,,,,,,,,,,,,,,,
7.743000,-8.931735E-08,191.846000,,,,,,,,,,,,,,,,,,,,,,,,,,,,,,,,,,,,,,,
7.746000,-8.813611E-08,192.153000,,,,,,,,,,,,,,,,,,,,,,,,,,,,,,,,,,,,,,,
7.756000,-8.815516E-08,192.384000,,,,,,,,,,,,,,,,,,,,,,,,,,,,,,,,,,,,,,,
7.756000,-9.04986E-08,192.538000,,,,,,,,,,,,,,,,,,,,,,,,,,,,,,,,,,,,,,,
7.766000,-9.112733E-08,192.615000,,,,,,,,,,,,,,,,,,,,,,,,,,,,,,,,,,,,,,,
7.769000,-9.091775E-08,192.846000,,,,,,,,,,,,,,,,,,,,,,,,,,,,,,,,,,,,,,,
7.779000,-9.331835E-08,192.846000,,,,,,,,,,,,,,,,,,,,,,,,,,,,,,,,,,,,,,,
7.779000,-9.126069E-08,193.076000,,,,,,,,,,,,,,,,,,,,,,,,,,,,,,,,,,,,,,,
7.792000,-9.37375E-08,193.230000,,,,,,,,,,,,,,,,,,,,,,,,,,,,,,,,,,,,,,,
7.794000,-9.044144E-08,193.461000,,,,,,,,,,,,,,,,,,,,,,,,,,,,,,,,,,,,,,,
7.802000,-8.967935E-08,193.461000,,,,,,,,,,,,,,,,,,,,,,,,,,,,,,,,,,,,,,,
7.805000,-8.939356E-08,193.769000,,,,,,,,,,,,,,,,,,,,,,,,,,,,,,,,,,,,,,,
7.812000,-8.819327E-08,193.846000,,,,,,,,,,,,,,,,,,,,,,,,,,,,,,,,,,,,,,,
7.820000,-8.621182E-08,194.000000,,,,,,,,,,,,,,,,,,,,,,,,,,,,,,,,,,,,,,,
7.825000,-8.506868E-08,194.153000,,,,,,,,,,,,,,,,,,,,,,,,,,,,,,,,,,,,,,,
7.835000,-8.236325E-08,194.307000,,,,,,,,,,,,,,,,,,,,,,,,,,,,,,,,,,,,,,,
7.835000,-7.853373E-08,194.461000,,,,,,,,,,,,,,,,,,,,,,,,,,,,,,,,,,,,,,,
7.841000,-6.632118E-08,194.615000,,,,,,,,,,,,,,,,,,,,,,,,,,,,,,,,,,,,,,,
7.848000,-5.934803E-08,194.692000,,,,,,,,,,,,,,,,,,,,,,,,,,,,,,,,,,,,,,,
7.858000,-4.545888E-08,194.923000,,,,,,,,,,,,,,,,,,,,,,,,,,,,,,,,,,,,,,,
7.864000,-3.715206E-08,195.076000,,,,,,,,,,,,,,,,,,,,,,,,,,,,,,,,,,,,,,,
7.869000,-2.56635E-08,195.230000,,,,,,,,,,,,,,,,,,,,,,,,,,,,,,,,,,,,,,,
7.874000,-2.059558E-08,195.461000,,,,,,,,,,,,,,,,,,,,,,,,,,,,,,,,,,,,,,,
7.876000,-1.689942E-08,195.615000,,,,,,,,,,,,,,,,,,,,,,,,,,,,,,,,,,,,,,,
7.887000,-1.581344E-08,195.769000,,,,,,,,,,,,,,,,,,,,,,,,,,,,,,,,,,,,,,,
7.892000,-1.773773E-08,195.923000,,,,,,,,,,,,,,,,,,,,,,,,,,,,,,,,,,,,,,,
7.897000,-2.907387E-08,195.923000,,,,,,,,,,,,,,,,,,,,,,,,,,,,,,,,,,,,,,,
7.905000,-3.111247E-08,196.230000,,,,,,,,,,,,,,,,,,,,,,,,,,,,,,,,,,,,,,,
7.910000,-4.966944E-08,196.307000,,,,,,,,,,,,,,,,,,,,,,,,,,,,,,,,,,,,,,,
7.912000,-5.187951E-08,196.538000,,,,,,,,,,,,,,,,,,,,,,,,,,,,,,,,,,,,,,,
7.923000,-6.906472E-08,196.615000,,,,,,,,,,,,,,,,,,,,,,,,,,,,,,,,,,,,,,,
7.928000,-7.628556E-08,196.769000,,,,,,,,,,,,,,,,,,,,,,,,,,,,,,,,,,,,,,,
7.935000,-9.147027E-08,196.769000,,,,,,,,,,,,,,,,,,,,,,,,,,,,,,,,,,,,,,,
7.938000,-9.295635E-08,197.076000,,,,,,,,,,,,,,,,,,,,,,,,,,,,,,,,,,,,,,,
7.946000,-9.552842E-08,197.230000,,,,,,,,,,,,,,,,,,,,,,,,,,,,,,,,,,,,,,,
7.953000,-9.888163E-08,197.384000,,,,,,,,,,,,,,,,,,,,,,,,,,,,,,,,,,,,,,,
7.958000,-9.958656E-08,197.538000,,,,,,,,,,,,,,,,,,,,,,,,,,,,,,,,,,,,,,,
7.966000,-9.587136E-08,197.769000,,,,,,,,,,,,,,,,,,,,,,,,,,,,,,,,,,,,,,,
7.966000,-9.482348E-08,197.846000,,,,,,,,,,,,,,,,,,,,,,,,,,,,,,,,,,,,,,,
7.976000,-8.946977E-08,198.000000,,,,,,,,,,,,,,,,,,,,,,,,,,,,,,,,,,,,,,,
7.982000,-8.44209E-08,198.307000,,,,,,,,,,,,,,,,,,,,,,,,,,,,,,,,,,,,,,,
7.989000,-8.668813E-08,198.307000,,,,,,,,,,,,,,,,,,,,,,,,,,,,,,,,,,,,,,,